date,blockHeight,blockHash,blockSlotTime
2021-06-09,6346,a748cdb81d9b34d93d3aca5881f40a2ba1159e0536f20cee69c1158da45f186e,2021-06-09 23:59:47.250000+00:00
2021-06-10,14947,bb3746fa24a5a77fff242b252e4e8d7e11c52aff779b00834ed7cf8132015ea6,2021-06-10 23:59:54.750000+00:00
2021-06-11,23516,e8f05f95de25bdb540a7c7072bf754a72446b06fd4a0d4ae4013abaf0098e239,2021-06-11 23:59:48.500000+00:00
2021-06-12,32031,e752e6023b9f43b4b9a13e8ca0e1aa7840a00d8af0c2df5c55ebdf389d57d6ed,2021-06-12 23:59:08.750000+00:00
2021-06-13,40464,08b8a3bfb23e6fe154116aef4a6653bd13c636a51cce5dff439bdfd92d21435f,2021-06-13 23:59:13.250000+00:00
2021-06-14,48998,2fb0f00f455ed3e2e46e011719036ba0c60d8a6cbbb2b29b22ca048168fbc33e,2021-06-14 23:59:54.250000+00:00
2021-06-15,57551,e30ba6f08342c21f070dea7b7cc7149c768d06b35f0ae23428f0e67c5fbb09b9,2021-06-15 23:59:58.750000+00:00
2021-06-16,65941,d6bab4c8be481bfd4c0ffd5bd48897d1c814849bdb485889863d16914b4ff73c,2021-06-16 23:59:49+00:00
2021-06-17,74561,9a794cf79fde34cb34cb633da5b6c90262385442693a7ffa065f25453e47449d,2021-06-17 23:59:50+00:00
2021-06-18,83150,b08baa1817b0ead35c405c19850c01154108f741058981276439ec4b8107df21,2021-06-18 23:59:50.750000+00:00
2021-06-19,91653,a753765f1615835377441881c12ddf6f0452a94ce8bb8836883105703522dfd8,2021-06-19 23:59:50.750000+00:00
2021-06-20,100284,5ca0a7b50cadd1b8c1f102477d6f70df0a7d6871d730a74b24b3ab2fcf0841de,2021-06-20 23:59:52+00:00
2021-06-21,108840,7c7af01ea27a6aaa1c47e3bbea1b3f6865ebc43d4c8dd5c3cdec98009a010bab,2021-06-21 23:59:47.500000+00:00
2021-06-22,117481,c416c8ee4ba899d016ef23b645276ad085bf1020cf97de4aee6782cd55b06caa,2021-06-22 23:59:18+00:00
2021-06-23,126001,1119964f8708d10ba2121bd63861b17ffc34afc3bac429cbca5684a1ebfa617e,2021-06-23 23:59:40.250000+00:00
2021-06-24,134675,bd871707072c70cf127628128a1da3b76f125fd8bb76a7502f5d6444213b2147,2021-06-24 23:59:22+00:00
2021-06-25,143209,74cfca3e3a9f963a82c2478c8e794b687374ad9294d05f669da1466db790653e,2021-06-25 23:59:51.250000+00:00
2021-06-26,151738,7a3654981f48d11a237b7a3496a856c4b4503dc9edc43f6d42d57326bf1aae9e,2021-06-26 23:59:40+00:00
2021-06-27,160320,15a095aeb6449c8a58cf71c8d60784a59260cb2cd385453baa5dbfe8d6398503,2021-06-27 23:59:55.250000+00:00
2021-06-28,168757,500af5583916b7901f9f5627d482eeef99c5b549c8b4fea38f57523dc0ebfa52,2021-06-28 23:59:51.500000+00:00
2021-06-29,177242,5e176f3fc67777f4100108310f93200445c8d0949c493332e920ad937477d3db,2021-06-29 23:59:58.250000+00:00
2021-06-30,185843,e101ee78edbf405cf12bc682b520d0b518c1e9c46de67b58a06e34f4b3424265,2021-06-30 23:59:53+00:00
2021-07-01,194213,047adbdfa7114c2d7056acab7e7e1621a9e9c3feb00e615d521124af942268dd,2021-07-01 23:59:53+00:00
2021-07-02,202767,b6896941fe17c0d787802c8108caf301d89646fdf4a5d2ed0bb9ec54dbbf83bf,2021-07-02 23:59:49.250000+00:00
2021-07-03,211229,57cfced5de3242bbdf82dec742cf959be02303c83ccbdd42207cc30747572635,2021-07-03 23:59:49.250000+00:00
2021-07-04,219699,702c711c0defd2a3a97afac06f73801502524daca7528ce1c90ca64dac88d481,2021-07-04 23:59:21.750000+00:00
2021-07-05,228176,5fd53826c7ef5f74de04e3a407e76c1de20a46257e68d798e3a2ecd76eb136c5,2021-07-05 23:59:45.750000+00:00
2021-07-06,236794,7681ed13463afd8ebcfc24618d56d02ecdd8b6680995e7d1b0173fed9fc38b74,2021-07-06 23:59:58.500000+00:00
2021-07-07,245308,9197326de4a6bb7cace0a72393b4b3c9afb05543f5df5193bd655b66afa0ee8f,2021-07-07 23:59:53.750000+00:00
2021-07-08,253891,7825995e0e2ec975b808f5d16ce662211b155c8d807f3fe8008b78e5a80790b0,2021-07-08 23:59:43+00:00
2021-07-09,262280,4614f53e6136094a32674cd62a7c5f73a36701adef223a290b2e12a3edacff86,2021-07-09 23:59:45+00:00
2021-07-10,270927,23ceb458b8738fcd73f20647e8bf9e7835b5aeb87de6661602a7ef1be9698303,2021-07-10 23:59:46+00:00
2021-07-11,279476,0402dbd6f6fcb68ddeef2aa0b0f63f004ad60ecdeea981c594934dc195f72eb2,2021-07-11 23:59:57.500000+00:00
2021-07-12,288072,987662a868c2aff4c96e50cc0f083ea0c51056709cc67fc99001644ac238782d,2021-07-12 23:59:56.750000+00:00
2021-07-13,296729,c7950921077ea29106303390f26b84f8e955ffaf43f7b26658b0c4cbf288ac71,2021-07-13 23:59:59+00:00
2021-07-14,305219,d922d5d74ee74257be295f3fa0453a2a2372e5e344c8dc6121c4c29eadd8b11a,2021-07-14 23:59:40.250000+00:00
2021-07-15,313904,b4e38c789021637e9d4db01dc5f116730764be6a404ef3d4cd7007a76adf9164,2021-07-15 23:59:55.250000+00:00
2021-07-16,322383,07ab3f9e965ce7d28ffd906223dc9546884cc30067373026fc567d5385944e21,2021-07-16 23:59:45.750000+00:00
2021-07-17,331000,b7e3a914f5570aa2437441e532f4aab4232864d757868fb52dafd781854f5ee1,2021-07-17 23:59:55.250000+00:00
2021-07-18,339553,1d8588e578ff78b673c53d41273c2d8275c75ccfe9b8906ed6fb32e45becac60,2021-07-18 23:59:49.250000+00:00
2021-07-19,348136,58445f52af410fce0be5f18497d141106c2fe460c9aa0188413ff3206a819558,2021-07-19 23:59:49.250000+00:00
2021-07-20,356721,fc542f421c9043f9a258c1e00dfb4f23f146cb1d4bede068c38834e0d3166b1f,2021-07-20 23:59:34+00:00
2021-07-21,365266,f4fd079064ac6daa459c30ec1efb3b6aa7d11ecaf27e93c259dad72bcb74d65b,2021-07-21 23:59:47.500000+00:00
2021-07-22,373706,f726f91461665a6a3f844af19f705bed61907e67eb6adee244e83845ad8747ea,2021-07-22 23:59:47.250000+00:00
2021-07-23,382066,618bf1df54ecf8c32c8148dc162d108135c28c6dfc84f0bd90315dc993f4abae,2021-07-23 23:59:42.750000+00:00
2021-07-24,390760,a160889ff4ea598eefeab1a9ca42342702df763b2612bcb19fa33a4e6b09a0cc,2021-07-24 23:59:56+00:00
2021-07-25,399383,6ea802472aaaa28f9fa8f10074ce895fc402e602b68e62249cc11fffe79d0f9a,2021-07-25 23:59:41.750000+00:00
2021-07-26,408092,9d6e4655dc06cd929304c312d032b2180d12b4c387513ab242861d6c7ea9adbf,2021-07-26 23:59:54.500000+00:00
2021-07-27,416669,8017b612474ebd520014f68590c1f4d924e380e371d844c69ee0a5ed9a467737,2021-07-27 23:59:36.750000+00:00
2021-07-28,425120,d292bbbc1edf2bfc4b9f693417903f9e400b7b98db5c3f497da874ba87db6f0f,2021-07-28 23:59:58+00:00
2021-07-29,433659,71a8b6eb2ef818de7f25ede5eed01f8854b7545fb033dd38b2d541b1812f2545,2021-07-29 23:59:57.500000+00:00
2021-07-30,442245,f55fb76b09bab2f2d2fd84fb2937d4bea0afc92b56f38f7f4d857ef5fe952725,2021-07-30 23:59:55+00:00
2021-07-31,450757,b347f1f8598a2749f8a70db76326ae573f86b50aff6c73718e80ccbc181c1420,2021-07-31 23:59:59+00:00
2021-08-01,459268,d23e50c19a59ab47ac0839bc99d9a4eb7e5633b003fcb71104ce4b08732ed36c,2021-08-01 23:59:54.500000+00:00
2021-08-02,468048,aecd5e223364b39a5bb1d6120e7c14ec8a84b658c333e68d8b34c42d1d272524,2021-08-02 23:59:51+00:00
2021-08-03,476434,bb4332b74751311dc23d28f0d6dbf6337f0cd509aae0876b16124ffd87a4dae0,2021-08-03 23:59:42+00:00
2021-08-04,484913,42d9a5e8bf9ec9be766b2934afaae9270f83ebb8184271ca0c3d0cdf2eb55e37,2021-08-04 23:59:53.750000+00:00
2021-08-05,493582,480afca4c2ddcc9353398aa877b334de67bf0cfdea12981200498dab820971c9,2021-08-05 23:59:47.250000+00:00
2021-08-06,502205,e1a7f1bbfa8188e9b689e1e80c5b63e76e98a03e2f3ef6e651d7e93990db2c97,2021-08-06 23:59:55+00:00
2021-08-07,510769,89aa01b744282d0845433faef5211f91b24c8ea136bd871616a4fac0ec4eacd6,2021-08-07 23:59:54.500000+00:00
2021-08-08,519335,f9c49d24c15319e68fec522428755dcf1233eb0c496aa9f2d494d5272d20fa8b,2021-08-08 23:59:56.250000+00:00
2021-08-09,527876,df397a806eff72be7e09057f677e1956efa169ffdb24571246c8e185d3142c57,2021-08-09 23:59:50+00:00
2021-08-10,536230,e6605d1baef0799e70452502409c413143ffbc071f845519151aaeae67ed8099,2021-08-10 23:59:58.750000+00:00
2021-08-11,544804,299d25db69156180890effe3012aaa53120a0af410d2c37da410793386f1fc1f,2021-08-11 23:59:53.500000+00:00
2021-08-12,553270,a6a3a1fcff5c1e2dba595d9f6d2a845cbcd417c71f7935157d413c5a6167f62b,2021-08-12 23:59:57+00:00
2021-08-13,561836,fac8c1b2e02f551baca37b808cbf93a6366fe532853acef057e1e8775828e287,2021-08-13 23:59:52.250000+00:00
2021-08-14,570290,cfc5018b999918ddafac80414ac7c32dd994921b03a054f302d467f3306ac441,2021-08-14 23:59:46.500000+00:00
2021-08-15,578814,984426b64972456695ffc0e614b186bb2e89f980a1028553eb0b3fa79281bdac,2021-08-15 23:59:57+00:00
2021-08-16,587392,6fe9c4445e8bd4cf2cc8e8278edd263429d07f6669d3a5421d49a3a831c37eaa,2021-08-16 23:59:48.250000+00:00
2021-08-17,595896,458dc91e89462aa4087fadc128df148e4161a70e362dee337586c682b1f02096,2021-08-17 23:59:44.750000+00:00
2021-08-18,604445,b8ba4a661c8dbd1e34fe4583167759e8c7660e55f749822d5433c6b2a4531d29,2021-08-18 23:59:52.750000+00:00
2021-08-19,612953,20da674c94911ab2d82240ff7a4e335b1ea2f7c9cc014934268e4fdd8903582d,2021-08-19 23:59:56.750000+00:00
2021-08-20,621466,32a984f81bb11a326196317d99e6d9d7d45f7659d9b849388662fafe83b7a02f,2021-08-20 23:59:58+00:00
2021-08-21,630056,0c916991c0c2e8689fb6fc42f6349d5abd14deef59b9c77aca67db8ad8bfa6bd,2021-08-21 23:59:21.500000+00:00
2021-08-22,638702,a053fd97e944e75dbb46f1da7b4e2e1cf4287a3db2ac096da0a844f40f8f7874,2021-08-22 23:59:48.250000+00:00
2021-08-23,647082,7a276d59a9756cee04075ee8ee7e3e917788d647bda220ef48ad8f989e2dd6c8,2021-08-23 23:59:54+00:00
2021-08-24,655583,f348505857ee71d9f443b8d2e1f7d3dc3da19e6cbf536a484a02d34af5ede100,2021-08-24 23:59:55.250000+00:00
2021-08-25,664139,53852200512e2844710b8e9ef920d49db3963076f270592cf2ebe1d3ca451f2b,2021-08-25 23:59:49.500000+00:00
2021-08-26,672744,cd7750040e2143820a51b480f01fb4bf1fb841b70fcf7222448216189bc98ff4,2021-08-26 23:59:53.750000+00:00
2021-08-27,681279,b3ac3e55692bf02d3e5eb115a685674af42093c5936f9c3a9bb429ab191abb9a,2021-08-27 23:59:47.250000+00:00
2021-08-28,689750,ea9ec3b95018f97416920a088a0321dade0c7f60496a5d821a07c1ea0e2f75e4,2021-08-28 23:59:42.250000+00:00
2021-08-29,698283,d5a9d9290d74f38586dba487dbb03446996bc9fba63ded3886163e5981fd8f56,2021-08-29 23:59:40.250000+00:00
2021-08-30,706652,5c542bf1b6a73971ca6e8209dc5ac7630eb915b92bb1c9c6c25ffe9e92955c8a,2021-08-30 23:59:44.750000+00:00
2021-08-31,715200,5ddf6a4e71fe74d7730c7f79bcdd3471bb349ca528cdf20da0be431691093669,2021-08-31 23:59:30.500000+00:00
2021-09-01,723660,8c705a122b58391befeb89d8ef457f61f62f22612facc834ee2d7fd30125c082,2021-09-01 23:59:57.250000+00:00
2021-09-02,732073,460609f8a852f313e6bc45d5c9084b0c9ec0afa319b218a10b9a9bba4aeab6ff,2021-09-02 23:59:55+00:00
2021-09-03,740504,d1af4b8e8559411802c68ab2e1c71f21b0c738b2a02754678f8f72dd5211962b,2021-09-03 23:59:13.750000+00:00
2021-09-04,749044,ac0d762033019fb74095cd7b43b4beeb84d17d475e463ffb46d9460973559464,2021-09-04 23:59:47.750000+00:00
2021-09-05,757713,b24e4a7b830708d9f4988f8dd9f3fffa461f771f8d5333bf0fbe40726a50c573,2021-09-05 23:59:24.750000+00:00
2021-09-06,766183,72dc0bb0c52e80885986256b36d2e8adc336df648c6fb228aa5b8746d2c92a5d,2021-09-06 23:59:48.750000+00:00
2021-09-07,774911,df3f9be7a21b6c99a00b19d45275fd5c23e20ad9c31140edd34eb4299db65281,2021-09-07 23:59:57.500000+00:00
2021-09-08,783610,1085f2f46e73c5ff6b96cb453465a6f3dda53a288d79f63d395fa0d818fb1642,2021-09-08 23:59:49.750000+00:00
2021-09-09,792062,b5544540cd13d9026af0b81a09b356e24327d60057fcc46d1bb2bc59311ab2d7,2021-09-09 23:59:15.500000+00:00
2021-09-10,800726,4e27963d3f306a1fd76b8d0ee06409da5be2a6f74bcaa80f56f538dddb62ce7b,2021-09-10 23:59:52.750000+00:00
2021-09-11,809433,1bf73ddf0ae1d434dfca80dec082c8ce1dbd9297bbc96bad267be21ea8c5a1fd,2021-09-11 23:59:48.250000+00:00
2021-09-12,817902,eecee6a991e8a9411b9d0b4c9f98f2394a36cafe2bb8b46085194740fcd3bc38,2021-09-12 23:59:55+00:00
2021-09-13,826340,998f543f25df92a34eb7ad0ddfd8ca29edc87b36cd33b0db531616703649f9f3,2021-09-13 23:59:56.750000+00:00
2021-09-14,834926,5c868fc399324ace8534b5d2e66d9ad1020856e2b23fd8bcfb6883459364284b,2021-09-14 23:59:47+00:00
2021-09-15,843504,39f5cd321a04feb6fe4e43503ab5e758087917f310e129f706239ef01c9b441f,2021-09-15 23:59:46.750000+00:00
2021-09-16,852038,66a46e8e2bee1fdd793e036c1bf3c478e83ab7cfe82c0088ec5ce43a7fb6de06,2021-09-16 23:59:54.750000+00:00
2021-09-17,860591,15f8e5a0b9071dc36ef4b6c9921afe06e2ffea398561aa179b935599f71886b5,2021-09-17 23:59:49.750000+00:00
2021-09-18,868994,d2945fd496e383149a84bbbf572921bdb4775dcb7553b458ab0e872590506d78,2021-09-18 23:59:27+00:00
2021-09-19,877607,434e8bd2e389faad46a695ad1790fd1c9afdb93882e97f1313f8dff3bbd44b56,2021-09-19 23:59:31.750000+00:00
2021-09-20,886187,635c9124ea591e89f6a2ea3bdd4cc3f6bd8c2e08bc65364dbbf5756ea3860b63,2021-09-20 23:59:40+00:00
2021-09-21,894768,e3d10942f78008b30c2ae6344d5ead5c2e566ceab38e8e853541f00bce9bb236,2021-09-21 23:59:49+00:00
2021-09-22,903442,c94d1e4fa40f67c19c9e51d0541db9381be5895377c542694f4d8e1747e9140a,2021-09-22 23:59:56.500000+00:00
2021-09-23,912024,b08040b042632a5369815e799e72e16ca18ceab54f0d780618b873584fb2c84d,2021-09-23 23:59:45.250000+00:00
2021-09-24,920427,7c2f3b6ab83f87729bbab27be591cbed3f9211c28ad84d7d3dd51e9c2d3e9bb1,2021-09-24 23:59:57.250000+00:00
2021-09-25,928955,cf60a0a862a73c4eea4ec54d22f6463d3eb8814f448ea0eb75e002348124576a,2021-09-25 23:59:49.250000+00:00
2021-09-26,937489,1e7f888f43fd505c15e5836995acee4c09de8d84d3c8dad6e1800e5477a36cba,2021-09-26 23:59:50.500000+00:00
2021-09-27,946054,db782ead2c99810ededad13bc4841a6cec9c16fb253573eec51864415401a739,2021-09-27 23:59:58+00:00
2021-09-28,954579,78dc2e1936a5c6d65432a2d2513d6c8d35040d1c724fbd169fc672c4a982b1eb,2021-09-28 23:59:53+00:00
2021-09-29,963067,d3458479c9ea7264cc596766d32c60534f65978e42dee600583e946ea309c2ac,2021-09-29 23:59:52.250000+00:00
2021-09-30,971587,b70344b6de671e81a7121b16ae8f333c10db4ca413cd770d4a94d652798f30e3,2021-09-30 23:59:51.750000+00:00
2021-10-01,980080,eb42314129e8ba1e5ae2ed92387f012b5d069fd10120fc3ff3e855d6784b8e46,2021-10-01 23:59:57+00:00
2021-10-02,988701,1719fe480255a70ef90c7568af903522888e35d3caac2d6ea5c59dd3c84794d7,2021-10-02 23:59:53.750000+00:00
2021-10-03,997175,9b5697b4e1a71274db2f51f1f97c7b75eea3d0c578b75039ee248188188020fa,2021-10-03 23:59:47+00:00
2021-10-04,1005840,199603b76db44633f8ea9858b55412d47224352f20df9eb274e5d4316bef5823,2021-10-04 23:59:38.750000+00:00
2021-10-05,1014239,f4088ae4c8607cef1dddea365c9d53be7fde716825bf2cc0c9fb5bf6e01beef3,2021-10-05 23:59:18.500000+00:00
2021-10-06,1022640,38fd531ccc8ed836b019e2e505cfa403707adedabec50c2fa5a0b3db867afa5f,2021-10-06 23:59:55+00:00
2021-10-07,1031198,cbddf673b1ca15043f38de19cdc468ee32309793fa36a3cbc5680a8c5d997681,2021-10-07 23:59:44.250000+00:00
2021-10-08,1039846,6ad3ec5da17dbf4330c55cad79c58453e0eaf5fa0d1881e3f17a7bc22ad59e87,2021-10-08 23:59:56+00:00
2021-10-09,1048431,4fdead94cd13e9632105d82506b2705862a40b93b6bac8f9585cb03221c3105e,2021-10-09 23:59:35.250000+00:00
2021-10-10,1056876,078259445ca695a9a9fe801ddce97ce332cb61cbf30b6084ebf5abc63fd885aa,2021-10-10 23:59:54.500000+00:00
2021-10-11,1065429,c5c7a1923d8573d1954c88722a84e3efa6637c0360b95b0b120c93b74c702ecc,2021-10-11 23:59:10+00:00
2021-10-12,1073940,625a9111b60df710a8da5042907b57f0cd2e8ae99c873b2809669c3e4ef099a6,2021-10-12 23:59:58.500000+00:00
2021-10-13,1082553,455bf94845eff8c4c068e02e0ad944315ef6ad88539575a6316bf5d0ba0950d7,2021-10-13 23:59:55+00:00
2021-10-14,1091179,d14d6b56c3b916e87a5fb1c2d1170b2a013d6bc8be46f1740327686e70c9ca2e,2021-10-14 23:59:42.500000+00:00
2021-10-15,1099724,7e9dddc3ccd59492359ce581cdec277eb8b82e04ad44d5c006d3b33e13058d57,2021-10-15 23:59:44.500000+00:00
2021-10-16,1108305,a52d454dd29f8b15fd5b44fc29f947f6342e75fe89b88a26d977f00ca04cefdf,2021-10-16 23:59:37.500000+00:00
2021-10-17,1116956,0753114d1815d133dd925ae53a077b06fef8930c4fd209a9b33dc197ed7369d5,2021-10-17 23:59:51.250000+00:00
2021-10-18,1125479,a79708f6a8dd8642c8149e47e12ef42b9392e42a082cf6896c6b6fb3b3298207,2021-10-18 23:59:51.250000+00:00
2021-10-19,1134032,20f77a3f8d6a968cc4fc2fe870b143d0510fc8000e00ba411467e150fbbc21d0,2021-10-19 23:59:52+00:00
2021-10-20,1142434,cfa6464ef59c4c92d04ca85e2089d7f2dbbdcfdb9a2ceeee62b173f079d30006,2021-10-20 23:59:46.750000+00:00
2021-10-21,1150918,30825051d890c929ed8afa286a599597b8ebfa76778695ca1e1730d11595cfad,2021-10-21 23:59:36+00:00
2021-10-22,1159442,57927ad29b6d6ce3abe8ef621a56a1b51557b09c14592ff7875712b53fa979e2,2021-10-22 23:59:44.250000+00:00
2021-10-23,1167993,8ace9952aced411dd276c0d7a3434469a4181b787d61020bc4d9a9b7378c1d19,2021-10-23 23:59:45.250000+00:00
2021-10-24,1176468,65ff7cafe9b35be9c16b041fde0429de4a94a397d60ea834b06a439451758f0f,2021-10-24 23:59:50+00:00
2021-10-25,1185043,57bb969abafd311d191b08f4bba4bdb5ed23978b440ee25ce65fbeeb023e8e05,2021-10-25 23:59:59+00:00
2021-10-26,1193648,2080089d8d5edb0fb0fb3ff1b25cd47f73d3ce79980af7f31ab4ec384a2df3c0,2021-10-26 23:59:36.500000+00:00
2021-10-27,1202016,7248a240f94ce4f3927a2a0534ccb006c318e948d9ce671dade1fe043d8dfb56,2021-10-27 23:59:54+00:00
2021-10-28,1210589,f733ac595112a9ae1e209a012eda2930cc34352181857af03fed4e5e46fc864a,2021-10-28 23:59:55+00:00
2021-10-29,1219164,ccbd4573a3f911f109fdeba99e208df2e02310cb72dbfb66fa5b5bacc54b5705,2021-10-29 23:59:45.500000+00:00
2021-10-30,1227673,7dd64d53a69819c728b6804f0f5f3456634869f848c6cbf24cf6827706bdbc13,2021-10-30 23:59:54.500000+00:00
2021-10-31,1236199,cbdce2e4a5a51d1d04be4acf934f68499da2f7042971b2d6ff0224028276d8d2,2021-10-31 23:59:46.250000+00:00
2021-11-01,1244680,23e985db4957158712ba05dd7ecf933575752fdcfcec15eb5c27666088208159,2021-11-01 23:59:57.750000+00:00
2021-11-02,1253306,bf6fd1991a7edc9293d4936436949c6a995c856f0021c2c7402de9fb41e0a17e,2021-11-02 23:59:52.750000+00:00
2021-11-03,1261823,4559d3789eeb3f2e061f423ede62577d4655f9a6f9137476512c1abea00dad55,2021-11-03 23:59:55+00:00
2021-11-04,1270423,9cb1235d9407bb4d12f350df1176516ac36e63aa3663fb7a6063197ec9946e55,2021-11-04 23:59:53.750000+00:00
2021-11-05,1278922,af5c592dfc141769bb33ad3ef321540243f304cfb8632e6c01b58702756bf2c5,2021-11-05 23:59:58.750000+00:00
2021-11-06,1287502,c96439ffd50ede261ef3f60200ef05632df1ea8b167ac114e35694cb93075f15,2021-11-06 23:59:52.500000+00:00
2021-11-07,1296167,551b0c672df84cbb787fb7fb254aad7cedef0c108a02ec7c3101ca7f46deb372,2021-11-07 23:59:54.250000+00:00
2021-11-08,1304728,5a43559cee4711d8216abb385748bb90cc85e9e5cb97e72654fa8d85cce9e074,2021-11-08 23:59:51+00:00
2021-11-09,1313245,2ca68ed9d1b2460ecc75fbaa48a4d5dccc0ddc12dea2d1b8dbead70f8635e8b0,2021-11-09 23:59:42.250000+00:00
2021-11-10,1321795,3a843415b532dbdd073d74319c50fb22d956d1a4cb81277138c5158ce0a1dec8,2021-11-10 23:59:55+00:00
2021-11-11,1330366,4767e27357fbf03b139633688ddee2f0f7ed2cd98f4e6a579f7f302535a71d7b,2021-11-11 23:59:41.250000+00:00
2021-11-12,1339038,8738ee52c6ca55fd15806aeab05e32a16bb4952dc84946ac0873b8948845a6b5,2021-11-12 23:59:56.250000+00:00
2021-11-13,1347711,c72289d8d04fbb9409843cf4d60d6e6da41fc7161a592904752cd045c8db643e,2021-11-13 23:59:47+00:00
2021-11-14,1356300,68098f40d4231d295f7ea833e88ef07f58a535cf6ff18f2c365ba1bc16b204d8,2021-11-14 23:59:52+00:00
2021-11-15,1364849,60ec7a8d1bd5df77d44d70dce8255d1b6eec8e97c9d45aa0cb9fddbdad6e0122,2021-11-15 23:59:58+00:00
2021-11-16,1373379,f685807aaa2e925bb8b59f95983fc19c8de15d8ca9d90344dfce3607f5439a67,2021-11-16 23:59:58.500000+00:00
2021-11-17,1382115,92080f0a659acc0e479279a8dc7645c5f47c17a5df2cd50b5ba30f06d0a465b0,2021-11-17 23:59:55.250000+00:00
2021-11-18,1390762,c12c5c8942b24bcfa9ece031fb04f2f3b3967d3561c2529b1926856d3a64d76d,2021-11-18 23:59:54+00:00
2021-11-19,1399295,d71b2259f06f3c20814ebba51c3921fd06c981bc44588aecf19ed48fd99d1c5d,2021-11-19 23:59:56.500000+00:00
2021-11-20,1407825,2bdb16c5669403118ca0799102fd60c076ba1d360f3ddfd995d88caa2e760e48,2021-11-20 23:59:57.250000+00:00
2021-11-21,1416514,74b7262fc8901473fbe31a201876573cdcd8a7738877a2592422c7089917da00,2021-11-21 23:59:52.250000+00:00
2021-11-22,1425011,0a63bd8dcc616614b7f47930e07d90e5873199b8fca303a8ae067469383e3c73,2021-11-22 23:59:57.500000+00:00
2021-11-23,1433792,1cc25d76ff07783af354d551e13cf2ca21010ede150f4c878dfc0701f21c9206,2021-11-23 23:59:58.750000+00:00
2021-11-24,1442273,6c0a8650eec3beb5bb4c50af1a69efbbfe5348191d3f4a34b2dff99c5a8c0d67,2021-11-24 23:59:48+00:00
2021-11-25,1450933,e092f89e4a7555315fe59d702b914154f37fac2546291c1659882e0b02c2dc3f,2021-11-25 23:59:58.250000+00:00
2021-11-26,1459516,c7206222f6edad7c151375d8261bf7ac4fa0e4eb17f37d592f82cd443bed3d7e,2021-11-26 23:59:52.250000+00:00
2021-11-27,1467963,9b79b6e30cdf83de8299d3dc53c4467b3ac70bfcd1a174318168569705498bdb,2021-11-27 23:59:44.500000+00:00
2021-11-28,1476578,08677b678d83de9d8d6e439543784071fc767e8f5ca549532b80d11eb370b0ad,2021-11-28 23:59:47.500000+00:00
2021-11-29,1485029,57b263331da03ee9425185a628636ce784250d65d289a42f34cc8e552b3e5c63,2021-11-29 23:59:53.750000+00:00
2021-11-30,1493733,f66a6db0f2daee2a987c4b8755f2c54556ff4396c2f4a003f448c8e7c51dc623,2021-11-30 23:59:42.250000+00:00
2021-12-01,1502325,1ed82a71a465ecc45ad8b03f738f83d51f424fa6191dc4fbb01c48cbef2dfdc2,2021-12-01 23:59:52.750000+00:00
2021-12-02,1510918,23d6f4c85c9e6bcb1e1ffa5cde2345adc37dd17d0a66d590dadb084610f8ee35,2021-12-02 23:59:48.500000+00:00
2021-12-03,1519483,24ce41df62bf23877014d0323afc2dea4c061cd4eaead94f079b84bc067603da,2021-12-03 23:59:51.500000+00:00
2021-12-04,1528094,17d30cf263e02d98b3a994d1b636f38aaa273f11eba320fd50b643e03a34a708,2021-12-04 23:59:36.250000+00:00
2021-12-05,1536617,90f2973ffc51e17761fa2db8567ab229aecad31db834ec271bdce10f544e4ced,2021-12-05 23:59:52.250000+00:00
2021-12-06,1545145,f16356d71ac36df51fbbfe4cffe7285a3503ebed0b78068a0bcb9c282c083661,2021-12-06 23:59:45.250000+00:00
2021-12-07,1553840,5a1a7930b6bc5535d9656c1f19915edcf2d2721814ae62a5c136dc55e23bc48a,2021-12-07 23:59:38.750000+00:00
2021-12-08,1562480,9a31da98b9337805ffb3493800977a02d12c1b9009bd2a82b9a938f73f4f6dc2,2021-12-08 23:59:54.750000+00:00
2021-12-09,1571151,a9aad38bf6942a345aa8eba6de260fc5bc8f316d3325d49636d048c019eb7bc4,2021-12-09 23:59:58.500000+00:00
2021-12-10,1579614,7d6baf961fbed3615e1f55b465c074f01adf159b8e8fe28325f4e9a0b424d81e,2021-12-10 23:59:42.250000+00:00
2021-12-11,1588153,c458a302f5bd13cd8bb0491969fd85f33a11ca3b3d489cb5b2d13839bea8340c,2021-12-11 23:59:53+00:00
2021-12-12,1596728,739e2301d0486229e8b1ee15d30e4b83d0acaff13126aff2fb4bb533e503f0e3,2021-12-12 23:59:37.250000+00:00
2021-12-13,1605365,bd2e854b000d5612ec654fec68507bbb486857903d5f368a62897c3429b67d9c,2021-12-13 23:59:53.500000+00:00
2021-12-14,1613869,f246ebbd916a28389b3d1de37ee6065161f2be595fc81fbade124b2de2995355,2021-12-14 23:59:48.500000+00:00
2021-12-15,1622451,4dcb76be6988fd8e6542dc1e92528e1c47b3cfc9a6eb78a2cbad88b7ea331596,2021-12-15 23:59:45.750000+00:00
2021-12-16,1630883,40f8b88f93bc05a90105748187066404890799d98b492146b803ebf13bb01584,2021-12-16 23:59:51.750000+00:00
2021-12-17,1639406,9467a7af73fa4a92d22186eea9203342abc62a38f1048e2e6c40a58ae4fac7b3,2021-12-17 23:59:50+00:00
2021-12-18,1647936,47665a34a3f1ba54eb12d24cb2a974e5b38f07a892c49c397f73a0ba91daaac5,2021-12-18 23:59:49.750000+00:00
2021-12-19,1656482,c852539cee7cb4f51bfee84bfe015c84e65eb9154fa52a03c5a4540bd2379cdc,2021-12-19 23:59:50.750000+00:00
2021-12-20,1665153,b43ccf2fb06863b5b9bffa9d305117c5218146b6403368b61b9161e89b8aa1bf,2021-12-20 23:59:53.250000+00:00
2021-12-21,1673701,07957430da9c548946754c0875506dd945cb035d44ed32eea5fbf96729bc2cd0,2021-12-21 23:59:55.250000+00:00
2021-12-22,1682211,b248c8e2a7d12e60f14f7c5a8e89e1c1c67dad8c4e784b64044567d4acf74ee0,2021-12-22 23:59:54.750000+00:00
2021-12-23,1690731,63990f5a2878016c33a29c918efe1657a06f46c44b9ce97681ed65ceb7e4af88,2021-12-23 23:59:54.500000+00:00
2021-12-24,1699249,80b57c762dec03f5938585e4463552f7ebc3540a1033f2745ec0e9061d5d3217,2021-12-24 23:59:58.250000+00:00
2021-12-25,1707871,e147ff96dc688121ed7fe0fcaba9d6c26b90a9e8532c77693f0285583e7e415d,2021-12-25 23:59:55.250000+00:00
2021-12-26,1716501,db70419678d7c22021f13eee4d387d6fa39576879403edf0667c79dd983cc6ab,2021-12-26 23:59:47.500000+00:00
2021-12-27,1725157,0be7d73f4ed44dc5ff6f2a2943417a476992ee672b7eab7ca916acfdef9d0265,2021-12-27 23:59:42.250000+00:00
2021-12-28,1733694,0b95fb5649602f34a2bf9556b213ec716b8b04b349315f03cdb85701b5c4f41c,2021-12-28 23:59:55.750000+00:00
2021-12-29,1742216,ae3fb703d6752d86e0e7968ca94e916883eb983e9c5e778323333296026b5df5,2021-12-29 23:59:50.250000+00:00
2021-12-30,1750919,9db880f47dd1d050cd10801e0cee0d0472040052df2a611316f7933dd63d8913,2021-12-30 23:59:58.250000+00:00
2021-12-31,1759638,93afbb5ae23f1bdcc4dbf2ce56f67a50ddd2e4e4da467fe71136d4800d029a27,2021-12-31 23:59:56.750000+00:00
2022-01-01,1768160,5fae3ef97d89b9c8dfe9ad3a994bd164c7bcc38d039740d4a460774f317e352e,2022-01-01 23:59:57.250000+00:00
2022-01-02,1776577,9f03cf7152628440badfe3e41dcf3360d7dc37935347fcf6dda861a67390a557,2022-01-02 23:59:56.500000+00:00
2022-01-03,1785120,64dacc632969c37135c2ab07bce921374a049b37d352e575a78c7ab55aec7948,2022-01-03 23:59:50.500000+00:00
2022-01-04,1793610,82ebc51cca89f37458950e34bc26ffac1c017d389a4c613f39a620d8c3ed5bc1,2022-01-04 23:59:57.750000+00:00
2022-01-05,1802184,721021597361b4ecfd732063480786c595157f87df74e71c18017cff82cb5dfc,2022-01-05 23:59:55.500000+00:00
2022-01-06,1810742,87149b02cdafbf0c79dbd2428ddfe5ce1db9e057767f9073b1b84baa4dda78d3,2022-01-06 23:59:46+00:00
2022-01-07,1819267,9e29eedb1eb5be45ec90ad77c28e053caef5f61771f73e8384e65658f73307f9,2022-01-07 23:59:47.750000+00:00
2022-01-08,1827816,8c147708f515af219a24e99fb63a14d4248664136f01e3a27366b41c32e924c6,2022-01-08 23:59:50.500000+00:00
2022-01-09,1836373,1d7a8dff579e6ffd8f9ae3cc09af9382ea320af8c2ce7f29c4f2eeade3f125a3,2022-01-09 23:59:43.750000+00:00
2022-01-10,1844898,0b3ddaa3b30cdd9f76e2493fe06ea5e72c3ac979d7fbc3ab54e4d996d9b5f31d,2022-01-10 23:59:52.250000+00:00
2022-01-11,1853318,33678b3017aa2d41d0459b6957a1cfe93911c59a05d57fab50298d9c94111292,2022-01-11 23:59:55.500000+00:00
2022-01-12,1861770,405721d70ebbac20a8182dbd3d14b97099c3b98178435247321454900fa7f81a,2022-01-12 23:59:06+00:00
2022-01-13,1870257,187b6124e7d25c2888c032efe054bcd75e3db6ddb689e8b338941e9890883b8f,2022-01-13 23:59:39+00:00
2022-01-14,1878927,d6b407310e6a74439e76bdd30766dfcc0916d623f226646026602819bae29e80,2022-01-14 23:59:52+00:00
2022-01-15,1887395,f099923fe099185d5b44141911a073cd1983633f91df8958035fcd69c23d00b1,2022-01-15 23:59:52.250000+00:00
2022-01-16,1895810,a1a38576854090b733263678d1ea4b0bb5e067e3f08e6cdd2b6f8136745bc557,2022-01-16 23:59:46.750000+00:00
2022-01-17,1904352,ed1348807acd6b3fe2d9665c6474caf444716788ec8925f39ca8ee89d9ca08d3,2022-01-17 23:59:58.750000+00:00
2022-01-18,1912806,b38ed581e9e9a01207081142fc9c4482eea0349dda0218cf4c76b6a48ef8e00a,2022-01-18 23:59:33+00:00
2022-01-19,1921321,c698a7fc803a87bbcc9facffe9c2b29a60774c7e3e137ec12d7b17f8a00cd61a,2022-01-19 23:59:56.250000+00:00
2022-01-20,1929869,f8f90a9d840e816fcfc648997824d6dc83a2688456532999a745766bc346d981,2022-01-20 23:59:54.500000+00:00
2022-01-21,1938324,29df9f4e1606019caa83c19ec2ba9ad2b2c3d50ae6b4aa9c05665816ed2d15c0,2022-01-21 23:59:53+00:00
2022-01-22,1946680,b094e2756310ff8c8e2df5e0ff0e110f1832c2f5bc0eae4998ee63ebe3bcf7a8,2022-01-22 23:59:53.750000+00:00
2022-01-23,1955109,df14266e8e74d2ea8fef82ff1dd40149a40443c268d157e50485eb2d4a23a415,2022-01-23 23:59:57.750000+00:00
2022-01-24,1963593,17976349d42029dc704ae46532dc17d11eac6d7464be10fcc6ba296d62889c5a,2022-01-24 23:59:52+00:00
2022-01-25,1972132,5ab68dc20374dc392d478a2320cf81d915bcccf6e75f0c5ff6af0e457df771e6,2022-01-25 23:59:56.750000+00:00
2022-01-26,1980753,c46aabdda40f66fc8a639d933eba2c9969e47419c3b28b7aa675d578e9cd5c75,2022-01-26 23:59:55.250000+00:00
2022-01-27,1989165,273e2320caa193e5b311c31ec76e602854a64bc7c5bf8e52f72dd13eae808a19,2022-01-27 23:59:25.500000+00:00
2022-01-28,1997707,ee8aed5da2f7253873b26f08992345071cc00315331e1935a4d7bd024bd5e3c5,2022-01-28 23:59:43+00:00
2022-01-29,2006102,64a1e5c305b85da5210eae85361ba81151db4511429ba52fc05956a4aece8a5a,2022-01-29 23:59:41.500000+00:00
2022-01-30,2014578,d2327a93ab0dca63a8d27e2f5835acaa1b13a45e4372ed96b5de509f7c9aa941,2022-01-30 23:59:55.750000+00:00
2022-01-31,2022873,f43ee4cd085e64bfab3a7c9e8de526dd091b4621bc58c6aafca38269923bcc0d,2022-01-31 23:59:51+00:00
2022-02-01,2031235,46ccb50ea1880fc7de363e12ed9522ed6d18c8f553025faf5364408d419257d8,2022-02-01 23:59:44.250000+00:00
2022-02-02,2039569,716a09e2e1676fa43bf4d55bc13df4a551ef0dcfe88154a9d21eafd6eee9753d,2022-02-02 23:59:31.500000+00:00
2022-02-03,2048010,a61dcad122c1b589e8f4ee8875c22d81bfdba5cf1b1c834b8ae93eace7f3ca03,2022-02-03 23:59:37.500000+00:00
2022-02-04,2056609,ee639748a1ca91d5bfc1d404074a973d30f6e2911d0515b1230628b451903dca,2022-02-04 23:59:38.750000+00:00
2022-02-05,2065079,962cd6e3d0333e5266c7cde024020da44617edc66e752c1e42f3803a8bec27ff,2022-02-05 23:59:43.750000+00:00
2022-02-06,2073679,551c94f6482260834fb04a7a1ecee7ae213299489121dd3bffe843b140eff31e,2022-02-06 23:59:57.250000+00:00
2022-02-07,2082352,399e0ece9dc6fbb2b78f3690739a3727631447cb7c720d4df1050845933574bc,2022-02-07 23:59:58.750000+00:00
2022-02-08,2090768,9ee3e899525644d379e1185963ce908a94ed69228cc1c1ade8fedb5727833e1c,2022-02-08 23:59:52.750000+00:00
2022-02-09,2099217,285168115ee27dbc7367b1d5c261a424518c80f3de261f93cc673218b6e0f2ba,2022-02-09 23:59:50.500000+00:00
2022-02-10,2107797,09f3172d57e06519d7a4441708e5b0ad9ef4a92b23c1273726ced3efb7177f5e,2022-02-10 23:59:33.250000+00:00
2022-02-11,2116387,72565378b3787242840854114cd4552cee196e80fc4a26251f11d38d97b89016,2022-02-11 23:59:53+00:00
2022-02-12,2125027,daa6ed54a11ef88b13aabea9d21ddb4ca3a1d6dc99f7aa15f53892c6d647a022,2022-02-12 23:59:58+00:00
2022-02-13,2133609,76b947a8c088c01f560284c83dc9c704402d2545d71f4ca2404698c2b5bdcc1b,2022-02-13 23:59:45.500000+00:00
2022-02-14,2142076,fb4a1778f7859073e036e3f410fb67c5d216712700c20b5a99cdf9cedfacc876,2022-02-14 23:59:51.750000+00:00
2022-02-15,2150467,1ec0f255973d904b324098317d7c92c545f45699e70e6aef904c81cd4303f60c,2022-02-15 23:59:35.250000+00:00
2022-02-16,2159024,ff407b66182c532ab04fc1e48f501aa7fd8e7266b32b995c0cfeb3cb3c6fe5bc,2022-02-16 23:59:58.250000+00:00
2022-02-17,2167530,e4645339e056a275dbed37bc6ad21f52c4721f6a2ea0c19fdad3fa7a846ae13a,2022-02-17 23:59:58+00:00
2022-02-18,2176072,35d86b45aa0c5cf13f392ba29059d1bd90b4baa2091e1597fc10e7bf4584ada4,2022-02-18 23:59:56.250000+00:00
2022-02-19,2184744,bb4182866d005b8b1e813153fbb27fde5379eb6c1accfac183e0f3a44873defc,2022-02-19 23:59:57.750000+00:00
2022-02-20,2193223,654e2d303fbcae040dcb2da3a097f7a9d700913d0176dc5ab8bb44eb4815ab73,2022-02-20 23:59:58.250000+00:00
2022-02-21,2201856,23d8d3329755a4291d6ba49da13ca25e7d843b705b01aa77782b95e5d0cdf7f5,2022-02-21 23:59:53+00:00
2022-02-22,2210292,489a53fdb0d032dc692e5bfb991303468bc390a97048757d895f7f49bcf2ce76,2022-02-22 23:59:53.500000+00:00
2022-02-23,2218631,8e82893910f7eb8f0c22a6afd636f8a7dbf646d101d548bb216ec6e3f3ae3d78,2022-02-23 23:59:46+00:00
2022-02-24,2227153,53914c8cc54180819d4921ae293982b638827aba21e38fbb1ff5d95d0b2e7d64,2022-02-24 23:59:51.500000+00:00
2022-02-25,2235663,3e86b63e4b1972b4c1974feffe4e19ee0a08f25d1cbc6ab76b6f491ef1d2ebbb,2022-02-25 23:59:56.250000+00:00
2022-02-26,2244125,c8953cb741448453477fd823e5131207a32f67566f8dc1231dbf42e8f9745590,2022-02-26 23:59:51+00:00
2022-02-27,2252629,b97f9b6aca8ddabdc0fa13aa8fe2ee337f37513cbb7976b67efc321e01c04234,2022-02-27 23:59:50.250000+00:00
2022-02-28,2261321,0e6aaf7dd891c825ad8a7fe51ad3666cbc9853bc4f400cef8f7d15f2a24461e4,2022-02-28 23:59:45.750000+00:00
2022-03-01,2269719,c2997c72aeb75aa211fee10223adef8c5f163ee811e733810daea16119fdc792,2022-03-01 23:59:53+00:00
2022-03-02,2278223,3df3cc768144e101fcfb6925d00fb6f168ee87750bce3bacd32ee52b68566cbb,2022-03-02 23:59:45.750000+00:00
2022-03-03,2286580,8b3d8ff7bb10f389baf2bb109a37f23113e90fcedd333610fb446e5c3a752f15,2022-03-03 23:59:55.750000+00:00
2022-03-04,2295147,93c7259b7910c4ebb6dcdfc768f805f19b4f7e949aff94c55ee67aae7e9a4e97,2022-03-04 23:59:35.500000+00:00
2022-03-05,2303582,fa2a08668ccbe8ee854af8350c86bccbe8217da61949822bf8609e6661abbd85,2022-03-05 23:59:46.500000+00:00
2022-03-06,2312144,ea175380a754e400675d2148d225afb62c2a37f35f4109ee9ee1dbcaba354e20,2022-03-06 23:59:10.250000+00:00
2022-03-07,2320572,18be907e91e4c1553e2fb4c02ef17a337bbd0e68053eced0f2cbd7e86d05e136,2022-03-07 23:59:56+00:00
2022-03-08,2329051,16e98354e81d4ebe16ea320c19d8eb7d69ffef02a5a4e0670d8afe72f3a1ecca,2022-03-08 23:59:51+00:00
2022-03-09,2337446,5a8f05362184aca2757db9142dd0c80dd8536c2e3b7b541c80b540bca8dcbbb8,2022-03-09 23:59:52.750000+00:00
2022-03-10,2346001,81513a49e08407ac8050b36606c0f629b1df120ace3f9f3aabe5cecc4cbf87f1,2022-03-10 23:59:50+00:00
2022-03-11,2354422,5ca317a3e002ca69e463070a5e1a48d72e14d26ae1298bf347e73952a392bef6,2022-03-11 23:59:40.500000+00:00
2022-03-12,2362907,d476991fc3c51630c7e139ce6361d3d7dc705373194d04a6c0f3dc4536e7cf84,2022-03-12 23:59:56.500000+00:00
2022-03-13,2371538,ef47262888d24be033ce46bb3508dcca08cc828190f95823b2d53e86d7513974,2022-03-13 23:59:57.250000+00:00
2022-03-14,2380058,c08b471e76dcf47ab2c987ba3c4db25daa48f0138d5b6c464084ee02562c789e,2022-03-14 23:59:44.750000+00:00
2022-03-15,2388560,48b31ba1c8abe1159d27f274ae8bd05378e7d050300c1ffa6c30b1663ff06d9d,2022-03-15 23:59:54.750000+00:00
2022-03-16,2397082,2d4d612f9b13b9df6cbc7c2b655c8423b7676e8dfded7e2cee76cba196982984,2022-03-16 23:59:54.750000+00:00
2022-03-17,2405700,134d9846e70645e92ed8f8a0b18dfd82b4831f9c136c10670b6606a3104aeb17,2022-03-17 23:59:38.750000+00:00
2022-03-18,2414144,bed6a00475c840e281edf5dad0fc34d70cf979f3c54f6767f68cb9cc913d347f,2022-03-18 23:59:58+00:00
2022-03-19,2422638,54f9c691151455f6549ab2bbb0f88091288a5ffeef3ecee68fda746b18176ec9,2022-03-19 23:59:57.500000+00:00
2022-03-20,2431201,743ae90d95c382cd4de38c69d6c0c84a5f35453883cc01f10e477ed5eff56902,2022-03-20 23:59:50.250000+00:00
2022-03-21,2439833,291aa4001c215872aa971e518d4c1cd0d783d725bd61aa42b77f2d42db1faf22,2022-03-21 23:59:53.250000+00:00
2022-03-22,2448279,d4c09ae01c9f7c2b9f575059d615b57f78690ce50cfeeebfe1bcfcadb40c8c2a,2022-03-22 23:59:55.250000+00:00
2022-03-23,2456843,1b3b2966ec591615773cb65ee1e40db743339b4203ba256caf2806a7c3bbe2a2,2022-03-23 23:59:53+00:00
2022-03-24,2465330,7d7544f49c835ca7b7148bbc0a8d8586adc4b7c2f5d5f024477bdfb978cad743,2022-03-24 23:59:42.750000+00:00
2022-03-25,2473902,35b9ee8b27ca10e4790846d5ca1f194595930a367f25a5f9c02b0c0cf3ca0100,2022-03-25 23:59:39.500000+00:00
2022-03-26,2482385,30112bb3d19b435ecc73321511a2713736090acb4cd1b1ef249e8d415ff34354,2022-03-26 23:59:39.500000+00:00
2022-03-27,2490942,183092d344ea0ac2f5a239e6310033400f7d5ad8b73911fd1f1a7f134d2996ea,2022-03-27 23:59:56.750000+00:00
2022-03-28,2499633,e5fe9d7311af36a8f4d0ae30eaf2c8045035893b60813ac0fce06909e2876f4e,2022-03-28 23:59:45.500000+00:00
2022-03-29,2508166,b63b4e9077cc63e1d5075706da5ca5c74c6d1af2a4b1e3bf36b1c6622552fab6,2022-03-29 23:59:45.250000+00:00
2022-03-30,2516574,4ad8895965d53dddd65235e71eed269887f7adea874f0f88037322ad79689b53,2022-03-30 23:59:45.250000+00:00
2022-03-31,2525185,e2c242916979704e851be2fe3ba29ae9ff8983cb639865f2b80522d15636b337,2022-03-31 23:59:42.250000+00:00
2022-04-01,2533633,4b9fecb17a84365f79df025d25df777d6b1515b7139cbfb42d11fda5d2a0079b,2022-04-01 23:59:47.500000+00:00
2022-04-02,2542253,b004095a32bdb56d12943e5ae6501271dc678c796afaa7a12d0d4e7f58f5535f,2022-04-02 23:59:51+00:00
2022-04-03,2550838,1a0fb496169ed7fdf1f9d1e4879fc7e3b56bb875d02008dfe3060ba13e8ca821,2022-04-03 23:59:55+00:00
2022-04-04,2559451,36112c873db94210a1575c0dfdda5c8436c2cd5567ed9815d32be8b68d5f07ef,2022-04-04 23:59:56.500000+00:00
2022-04-05,2568090,43f4e5f2507171b5de8b251c3516eb0637d6590aa24f0ad56955af3800ce122e,2022-04-05 23:59:52.500000+00:00
2022-04-06,2576513,32d6213d82193350b56d4b1f7e3b43d97fb6717e5dbbea5423fb044ba157e1b4,2022-04-06 23:59:55.750000+00:00
2022-04-07,2585076,02f42fdb9bd57393d77bbdf03d722cb6eb8a862dbdb60a076f7f318d1aa8b31c,2022-04-07 23:59:40.500000+00:00
2022-04-08,2593627,1dcda535aa8ca024bc9d2d90624e97f15de7ac6d6457c241433f967dd4d4be86,2022-04-08 23:59:52.750000+00:00
2022-04-09,2602053,7fa53989d3552e2a3a29b9a1dac2faa41dfedc32676a12e0cece33648124005d,2022-04-09 23:59:44+00:00
2022-04-10,2610574,a85e210cfb8d4ce52357c6c4f36cd45abfbe3c2117a893ea4cda882f886c422e,2022-04-10 23:59:54+00:00
2022-04-11,2619040,021b76e0ab9158e6bbc6b34d9e38874a06c12b73b000bc7ac447675b1d9841c2,2022-04-11 23:59:58.500000+00:00
2022-04-12,2627858,7b3d3380a526130889977b794c2001ec50f15835ea4c354d0039c3e58166339c,2022-04-12 23:59:47.250000+00:00
2022-04-13,2636372,49e32b6d533ab47a733fdc0db696e41bdcec83475cfac0e3206c8070f8472a4f,2022-04-13 23:59:43.250000+00:00
2022-04-14,2644781,f7a99fb158904c93cff7d98eac86f5768d02a07331a1693b4f351e9b514a4cf2,2022-04-14 23:59:51+00:00
2022-04-15,2653349,85e894a30ed825513e584335871a09d5050f63241700f1034b7b115114116e5c,2022-04-15 23:59:52.250000+00:00
2022-04-16,2661840,cf37ea0dc4672c05ca1f3868a4b999c304da46fa77f8da8f95291ed2d1bde7aa,2022-04-16 23:59:58+00:00
2022-04-17,2670440,5eb767852a8ad375aef3a151cf1a57735d56da70059a5f9e47c42da5c649e9f5,2022-04-17 23:59:46.750000+00:00
2022-04-18,2679020,c242d0c112e9479fa5682332d8c52bc11fd412067e2312ec8f488f87d82be6ea,2022-04-18 23:59:56.750000+00:00
2022-04-19,2687553,05bfbd42fd11382a0813a10a29b9ca0d2768c5d1b0ba1260bdab4d33b98e3160,2022-04-19 23:59:58.250000+00:00
2022-04-20,2696182,cfaa6fcaa7a2a0780ffb90c381815498ac05014173756e461b4f37937f91c315,2022-04-20 23:59:57.500000+00:00
2022-04-21,2704563,3ccc84c9af23a32fedf4bcec7244dfc20e90cdbd7a1dd46b5be095dda2aca648,2022-04-21 23:59:29.750000+00:00
2022-04-22,2712993,7ad6fb4297b5bf863c68c5cd3ba035828f03db34d04fec57b2ac6caacee79f75,2022-04-22 23:59:52.500000+00:00
2022-04-23,2721237,bb1c4e1cbb8688a28cb7aa54aa3e410011aae37c596afa2330a8f43fbb823bf6,2022-04-23 23:59:37.500000+00:00
2022-04-24,2729595,6ea79d6f074a0e7953ad5e3909b6e76184ac5323790d183027a0cc53b4fb6c88,2022-04-24 23:59:53.750000+00:00
2022-04-25,2738021,434fccaef8e476870807024d905a9dcb81c4a56c364c4f741265fe0dfcf01647,2022-04-25 23:59:50.250000+00:00
2022-04-26,2746324,6ba012abf8361e038bbdf0080733d5c134d2c5f4655aff005a5d2d73a6b629f5,2022-04-26 23:59:58+00:00
2022-04-27,2754616,acc839c46ae1b718820a067e686d04fc1232452fea8fbbf41f91b66e8d5151c6,2022-04-27 23:59:57.250000+00:00
2022-04-28,2762984,3747e3ffdd5a6ce913b8e845ed621ed3bf57cb87538052385941acbf5f87ac24,2022-04-28 23:59:58.250000+00:00
2022-04-29,2771354,2c6d039de612492dcaf99c11a2b1afd43e4018a01a268e275f2f87055ac99f52,2022-04-29 23:59:45.250000+00:00
2022-04-30,2779872,e2bd347f6af72e43c29859a50a4fd1e8a50cc84bec95a582eeae7ed1bf188734,2022-04-30 23:59:57+00:00
2022-05-01,2788340,9473548c98a6a42da510446360658e53810514b0de8a100b88c021641bfba169,2022-05-01 23:59:37+00:00
2022-05-02,2796863,dc92a9d058d1c4cd551f3e1e11cba89bb4218ef7e7294a80596760e0f3c84b9d,2022-05-02 23:59:57+00:00
2022-05-03,2805299,0c1eb72e68df06b2246b038d5614b687bd5f9d62ec2cdfc26911aa840dbde8bd,2022-05-03 23:59:44.500000+00:00
2022-05-04,2813768,d8117ae73a1e3939350eb174069df674901ed1ed7b847528c94e11a006aaad56,2022-05-04 23:59:49.750000+00:00
2022-05-05,2822356,4532f89025c215b8d6627ec9860a1ec9dc4d0b01dab854c8c6486352dce03080,2022-05-05 23:59:58+00:00
2022-05-06,2830780,d3fd1569e7a3d2eab50b214fe62df2ee3f95ae7902d82e45ee097320399c888c,2022-05-06 23:59:47.250000+00:00
2022-05-07,2839226,a91dfb9c41f27c11a565ee5314727022b043ea08af962bd38d9c63958785b35e,2022-05-07 23:59:58.500000+00:00
2022-05-08,2847869,85b58b6fcb1a8b3c61692457528b5737805b13d41757ee00de6bf9b91f6eddf5,2022-05-08 23:59:57.500000+00:00
2022-05-09,2856257,3897a8b94a841b3b16512fba5a0bddd762ba49ae4a4b17f3cd2550a5bcb1917b,2022-05-09 23:59:58.250000+00:00
2022-05-10,2864742,6787722a849bc4b4fbab76ed5164613e8c38aeb32fa887a9ce8c9773dfd39841,2022-05-10 23:59:54+00:00
2022-05-11,2873363,0a46b8106ad98386d03da31556ee838b98e90d6bd6d4f04d7d6b989b00402a46,2022-05-11 23:59:44.250000+00:00
2022-05-12,2881760,50cd74bc48e075d8fd57f90e1461d6a99c3abcb6feddcb706beeba6b51033f19,2022-05-12 23:59:56.250000+00:00
2022-05-13,2890072,91ec80895306e5d320807ac7b5184090d2659cbd2c65a410d284d419b131e5b5,2022-05-13 23:59:42.500000+00:00
2022-05-14,2898533,51cde1bf1da1953d7c30d254d473a21f016dc3298bce423ed948a756b1d7fb8e,2022-05-14 23:59:31.500000+00:00
2022-05-15,2906924,6196d6a40d49b6db7b41e5afc9b05553945897f34ff9e210c7455c2eef5c969c,2022-05-15 23:59:56.250000+00:00
2022-05-16,2915245,aff248d9e29af1b00e2b7608869a197c2f5b42786c85c0dacfa065a2fc32521c,2022-05-16 23:59:11.750000+00:00
2022-05-17,2923879,1d16b2f93921e8e221352b4b3b0106c226783f264e2b4a051d45d5464053963d,2022-05-17 23:59:53.500000+00:00
2022-05-18,2932356,31a9a6c8131ab14f53326589ef4ac1c5918bc205c099611a045c7531f6743aa5,2022-05-18 23:59:54.750000+00:00
2022-05-19,2940960,310c827c344b7c59a868ffd187f39a12d6c2085b785fe1fb2ad4a1d0486383c8,2022-05-19 23:59:34+00:00
2022-05-20,2949628,af04d683e094ce0410aa43d0c6e760f308a873f30b4186a7a8c1b5191fc6d5a9,2022-05-20 23:59:46.250000+00:00
2022-05-21,2958300,454f2fd1d4e13ff858e5ea790cfe6f03a0cbef1ca578a891e6f12aa3a19b3588,2022-05-21 23:59:39.500000+00:00
2022-05-22,2966828,90f173243ec2f2693c302893fba52cdf3035243bce991e1b08a08120c10f9687,2022-05-22 23:59:50.250000+00:00
2022-05-23,2975487,4d5af38869937b97b1e6b4ca5fe2d251db7618ea81e5e162ee9500858340d5bf,2022-05-23 23:59:57.750000+00:00
2022-05-24,2984035,f493ec89866f2085ed0e87ec316ecfd98498f950bdf02e96052167597485dc30,2022-05-24 23:59:19+00:00
2022-05-25,2992364,7f53c6d781ba61baa80eb087e04d688e565a823ccf645a588b116dd40f6a9ecc,2022-05-25 23:59:55.500000+00:00
2022-05-26,3000913,dde9aa35126e132d61aeade544f19992dbd56e4101cfb112c582a70809e25956,2022-05-26 23:59:54.250000+00:00
2022-05-27,3009421,68febb2d69d5e965b1aae62e2d204f6882f8579ef2050c1a47577e1cc4acd923,2022-05-27 23:59:52+00:00
2022-05-28,3017903,9d20aa0de32c75fe4d8dc3fbc2330a7f2207c67684bb3053f88d5092979117dd,2022-05-28 23:59:54.250000+00:00
2022-05-29,3026446,7eb4f616baffe73b1374f33ddf2f67ca4e2c9ecf2cc39c608d3b4ba5a9fbf813,2022-05-29 23:59:56.500000+00:00
2022-05-30,3035039,8e7fa4bb7040f122aa0612e28fe06d0da9da800de6589a9b100bd8ca874a0145,2022-05-30 23:59:49.750000+00:00
2022-05-31,3043566,0fcdb85c2700cd87ac91138b84a473433545da4669140df8e96c38d7f437412f,2022-05-31 23:59:40+00:00
2022-06-01,3052016,4f3009b4381a989b380e82d9db770e3215420ee79c12d7f3c384bf1ecc61d75f,2022-06-01 23:59:49.500000+00:00
2022-06-02,3060506,29a6fc26840fb9dec8354ff7c641f84f92a54822d59935d543f68e9b9b88e2a0,2022-06-02 23:59:58.500000+00:00
2022-06-03,3069034,077040b08ccae242ed19e4f5180113f6e10ed26622185e4483bf6ce91370e701,2022-06-03 23:59:56.250000+00:00
2022-06-04,3077581,d1fc5e5b61418cbb3ccf9f5203bcc91f9d392eb98c54444a1f9edec887870081,2022-06-04 23:59:56.500000+00:00
2022-06-05,3086082,28cc8ce64f04a8b6fac6ddca0e7320a40df03b66e6f63202cedef9f239577ed6,2022-06-05 23:59:54+00:00
2022-06-06,3094510,50b0cc45a5bbb5046d99e5b7370aa47bd078d7494f76fdef5d80d8d9c228b970,2022-06-06 23:59:51+00:00
2022-06-07,3102952,d857a3c9f348615f0573a786fe4266b2a72de3230b94a85ccc8f95090ca6ce9f,2022-06-07 23:59:56.250000+00:00
2022-06-08,3111407,29776219277d82e2973c7b78c2dbdbb8cea1a0a264c456588df86d1be7711f47,2022-06-08 23:59:58+00:00
2022-06-09,3119839,0e5073359f0f852a7451de9525c41ff2c72b9b39772e14eeeb4774fa864a8e2b,2022-06-09 23:59:35.500000+00:00
2022-06-10,3128111,e4034d9630e3df61363c117ff4c86197732a9951c11a2800b0681aff5fbf3a01,2022-06-10 23:59:53.750000+00:00
2022-06-11,3136291,d8eeee5436f1c3f6a8774df08136f7046648abc7ff78e57619c1e34a570c8f52,2022-06-11 23:59:58.250000+00:00
2022-06-12,3144738,eb61b9da0586cfe7d2effc08b94ef6e0b25ad4386dbbaec09164bfb8429e4988,2022-06-12 23:59:35.500000+00:00
2022-06-13,3153279,a7016b366d66543de1188b1cbf7e3f85e68607a222dcfd29732937ce3a2fcc44,2022-06-13 23:59:39+00:00
2022-06-14,3161797,43cff7471afbac7c80468923e2ff29ebd58f1c98507f6349f6ced851ef0266b0,2022-06-14 23:59:45.750000+00:00
2022-06-15,3170244,641ec0219c6e54ba5c3a82d1717050cd5662e8739b9e89d777bac98653f8ce58,2022-06-15 23:59:10.500000+00:00
2022-06-16,3178758,419934f0e037478553909e4fb91151cb1e9156f4d69c8ad5073db449b92e155a,2022-06-16 23:59:53+00:00
2022-06-17,3187154,dd6c4593e458411fbbc3c81bd8973be77b31a31a098b4b00d8bcd6f7603f2bf5,2022-06-17 23:59:44+00:00
2022-06-18,3195699,5d10faafefac14eb986734594c06a6c30ede43bd2ae9dcdce8918b2cfd9aa568,2022-06-18 23:59:49.750000+00:00
2022-06-19,3204282,990ac8ef98631a38cb26706ac77a91f04b85d3ca34c182a3280b962e5ff29206,2022-06-19 23:59:57+00:00
2022-06-20,3212611,709be299912935731017b0c0ddfa906ec909d8557185fe6ba21a22f07a228464,2022-06-20 23:59:49.750000+00:00
2022-06-21,3221131,047863f3ec03162885710ffe247896c626561e0f8477dfb108c6e8e9ef95d47d,2022-06-21 23:59:47.750000+00:00
2022-06-22,3229569,f652c356ebec26e72dd2ed5daacf02c7f0d36f70b36c71a9d223a7ab585a1f34,2022-06-22 23:59:35.250000+00:00
2022-06-23,3236903,1a901071fd240a37732d0c2cb7a8282bd8318ddb2f4e97b039db81bf41d340e3,2022-06-23 23:59:53.750000+00:00
2022-06-24,3244536,d2c393e1e1a842805233a261e6e58d10c40501c450adbab5e9f719900088db11,2022-06-24 23:59:42+00:00
2022-06-25,3252803,fb5ab9bd1f60465f0546d6184635f3187f52a65bb548dceef03b0c86fe07cee7,2022-06-25 23:59:27.750000+00:00
2022-06-26,3261388,86eaa5ef43cc4fdd87475649bdf6954a26ffa2fd20b3bffd7e629be567823ccc,2022-06-26 23:59:57+00:00
2022-06-27,3269769,1e7412ceea792a99ba2eb2ffc9d837071e93e424d44133c3618b6ed280e85c5c,2022-06-27 23:59:54.250000+00:00
2022-06-28,3278329,08f8b5bd67c686e6b2a038744c8694fac74e23e2789a787cc5dc34e445740710,2022-06-28 23:59:57+00:00
2022-06-29,3286684,bd4930dffc8b0bd25309f75041864400e4dfa9425258c5422869861ec37793ae,2022-06-29 23:59:36.750000+00:00
2022-06-30,3295168,fcb8cdf56267841e70b879fd685ed87985dbbfabcb2ca6d724cb0b67f940cfb4,2022-06-30 23:59:57.750000+00:00
2022-07-01,3303563,241dfecbef6d14311b9685e6cf61b67c93dd79a61c26e046ddedb3a2adb78d12,2022-07-01 23:59:54.250000+00:00
2022-07-02,3312021,678c4cd4c36746cbcb5ea7cf5714926ad2930f1c72736c6b6aa7827d3bc97df1,2022-07-02 23:59:54.750000+00:00
2022-07-03,3320473,ddf5cde2bcd5c733ae85647e3367306066c44b122cac90156e923d1a86de3f94,2022-07-03 23:59:56.250000+00:00
2022-07-04,3329039,14f7eed278c137f7f4a4a50b276eaf6d200d1483d31a92f2bfd9a67f391e47d0,2022-07-04 23:59:52+00:00
2022-07-05,3337578,e5dede29565c76632b3edafc419d04c7b977f04ef35abd8c732bab155bfd4177,2022-07-05 23:59:50+00:00
2022-07-06,3346025,451ed68faaa5bf32eeb87eca5fb09a2f6d7ff6507891a732c9546cc73bf1b458,2022-07-06 23:59:42+00:00
2022-07-07,3354443,024abff251e651be2b883c5de27a506ba9eca875a553305a749e0207abeaa703,2022-07-07 23:59:56.250000+00:00
2022-07-08,3362898,c77099745007c98ac5452ffd91d1e30f4756889ddf45fba00d6e1d01d87526a1,2022-07-08 23:59:42.750000+00:00
2022-07-09,3371380,d7c2a8ff1a8e85b43625cc1c3a6bd2dfc651642e5d3ada8b0e1a125c72cc8b24,2022-07-09 23:59:58.750000+00:00
2022-07-10,3379628,e243621fb8e8c6ba013e56a5bf8c908f1dd8810f0467c5bb0c1132ac3e510e65,2022-07-10 23:59:48+00:00
