date,amount_to_make_top_100,amount_to_make_top_250
2021-06-10,0.0,0.0
2021-06-11,0.0,0.0
2021-06-12,0.0,0.0
2021-06-13,0.0,0.0
2021-06-14,0.0,0.0
2021-06-15,0.0,0.0
2021-06-16,0.0,0.0
2021-06-17,0.0,0.0
2021-06-18,0.0,0.0
2021-06-19,0.0,0.0
2021-06-20,0.0,0.0
2021-06-21,0.0,0.0
2021-06-22,0.0,0.0
2021-06-23,0.0,0.0
2021-06-24,0.0,0.0
2021-06-25,0.0,0.0
2021-06-26,0.0,0.0
2021-06-27,0.0,0.0
2021-06-28,0.0,0.0
2021-06-29,0.0,0.0
2021-06-30,0.0,0.0
2021-07-01,0.0,0.0
2021-07-02,0.0,0.0
2021-07-03,0.0,0.0
2021-07-04,0.0,0.0
2021-07-05,0.0,0.0
2021-07-06,0.0,0.0
2021-07-07,0.0,0.0
2021-07-08,0.0,0.0
2021-07-09,0.0,0.0
2021-07-10,0.0,0.0
2021-07-11,0.0,0.0
2021-07-12,0.0,0.0
2021-07-13,0.0,0.0
2021-07-14,0.0,0.0
2021-07-15,0.0,0.0
2021-07-16,0.0,0.0
2021-07-17,0.0,0.0
2021-07-18,0.0,0.0
2021-07-19,0.0,0.0
2021-07-20,0.0,0.0
2021-07-21,0.0,0.0
2021-07-22,0.0,0.0
2021-07-23,0.0,0.0
2021-07-24,0.0,0.0
2021-07-25,0.0,0.0
2021-07-26,0.0,0.0
2021-07-27,0.0,0.0
2021-07-28,0.0,0.0
2021-07-29,0.0,0.0
2021-07-30,0.0,0.0
2021-07-31,0.0,0.0
2021-08-01,0.0,0.0
2021-08-02,0.0,0.0
2021-08-03,0.0,0.0
2021-08-04,0.0,0.0
2021-08-05,0.0,0.0
2021-08-06,0.0,0.0
2021-08-07,0.0,0.0
2021-08-08,0.0,0.0
2021-08-09,0.0,0.0
2021-08-10,0.0,0.0
2021-08-11,0.0,0.0
2021-08-12,0.0,0.0
2021-08-13,0.0,0.0
2021-08-14,0.0,0.0
2021-08-15,0.0,0.0
2021-08-16,0.0,0.0
2021-08-17,0.0,0.0
2021-08-18,0.0,0.0
2021-08-19,0.0,0.0
2021-08-20,0.0,0.0
2021-08-21,0.0,0.0
2021-08-22,0.0,0.0
2021-08-23,0.0,0.0
2021-08-24,0.0,0.0
2021-08-25,0.0,0.0
2021-08-26,0.0,0.0
2021-08-27,0.0,0.0
2021-08-28,0.0,0.0
2021-08-29,0.0,0.0
2021-08-30,0.0,0.0
2021-08-31,0.0,0.0
2021-09-01,0.0,0.0
2021-09-02,0.0,0.0
2021-09-03,0.0,0.0
2021-09-04,0.0,0.0
2021-09-05,0.0,0.0
2021-09-06,0.0,0.0
2021-09-07,0.0,0.0
2021-09-08,0.0,0.0
2021-09-09,0.0,0.0
2021-09-10,0.0,0.0
2021-09-11,0.0,0.0
2021-09-12,0.0,0.0
2021-09-13,0.0,0.0
2021-09-14,0.0,0.0
2021-09-15,0.0,0.0
2021-09-16,0.0,0.0
2021-09-17,0.0,0.0
2021-09-18,0.0,0.0
2021-09-19,0.0,0.0
2021-09-20,0.0,0.0
2021-09-21,0.0,0.0
2021-09-22,0.0,0.0
2021-09-23,0.0,0.0
2021-09-24,0.0,0.0
2021-09-25,0.0,0.0
2021-09-26,0.0,0.0
2021-09-27,0.0,0.0
2021-09-28,0.0,0.0
2021-09-29,0.0,0.0
2021-09-30,0.0,0.0
2021-10-01,0.0,0.0
2021-10-02,0.0,0.0
2021-10-03,0.0,0.0
2021-10-04,0.0,0.0
2021-10-05,0.0,0.0
2021-10-06,0.0,0.0
2021-10-07,0.0,0.0
2021-10-08,0.0,0.0
2021-10-09,0.0,0.0
2021-10-10,0.0,0.0
2021-10-11,0.0,0.0
2021-10-12,0.0,0.0
2021-10-13,0.0,0.0
2021-10-14,0.0,0.0
2021-10-15,0.0,0.0
2021-10-16,0.0,0.0
2021-10-17,0.0,0.0
2021-10-18,0.0,0.0
2021-10-19,0.0,0.0
2021-10-20,0.0,0.0
2021-10-21,0.0,0.0
2021-10-22,0.0,0.0
2021-10-23,0.0,0.0
2021-10-24,0.0,0.0
2021-10-25,0.0,0.0
2021-10-26,0.0,0.0
2021-10-27,0.0,0.0
2021-10-28,0.0,0.0
2021-10-29,0.0,0.0
2021-10-30,0.0,0.0
2021-10-31,0.0,0.0
2021-11-01,0.0,0.0
2021-11-02,0.0,0.0
2021-11-03,0.0,0.0
2021-11-04,0.0,0.0
2021-11-05,0.0,0.0
2021-11-06,0.0,0.0
2021-11-07,0.0,0.0
2021-11-08,0.0,0.0
2021-11-09,0.0,0.0
2021-11-10,0.0,0.0
2021-11-11,0.0,0.0
2021-11-12,0.0,0.0
2021-11-13,0.0,0.0
2021-11-14,0.0,0.0
2021-11-15,0.0,0.0
2021-11-16,0.0,0.0
2021-11-17,0.0,0.0
2021-11-18,0.0,0.0
2021-11-19,0.0,0.0
2021-11-20,0.0,0.0
2021-11-21,0.0,0.0
2021-11-22,20.44,0.0
2021-11-23,285.66,0.0
2021-11-24,963.46,10.0
2021-11-25,1506.117888,35.889221
2021-11-26,1723.913401,65.0
2021-11-27,1730.095968,93.374678
2021-11-28,1755.468,132.900648
2021-11-29,1760.616,185.033912
2021-11-30,1784.471918,190.26
2021-12-01,1906.3,226.440386
2021-12-02,1906.92,255.501904
2021-12-03,1908.0,280.021442
2021-12-04,1927.46,285.66
2021-12-05,1933.12,285.66
2021-12-06,2000.0,312.42
2021-12-07,2217.324505,449.21217
2021-12-08,2501.138951,514.919652
2021-12-09,2574.72,731.135477
2021-12-10,2616.0,800.0
2021-12-11,2644.307517,823.275713
2021-12-12,2665.057599,874.82557
2021-12-13,2967.976336,999.0
2021-12-14,3185.353998,1015.125408
2021-12-15,3240.453094,1129.416161
2021-12-16,3305.392015,1163.634863
2021-12-17,3387.442421,1255.575301
2021-12-18,3387.442421,1279.022112
2021-12-19,3405.001974,1340.150887
2021-12-20,3510.936,1471.742963
2021-12-21,3775.02269,1563.053942
2021-12-22,3814.92,1591.254619
2021-12-23,3924.175747,1637.378156
2021-12-24,3928.0,1668.922486
2021-12-25,4005.18,1668.922486
2021-12-26,4031.032591,1687.807353
2021-12-27,4872.971878,1701.861487
2021-12-28,5286.128075,1720.980164
2021-12-29,5286.852646,1729.938878
2021-12-30,5500.0,1757.176596
2021-12-31,5760.54,1772.984548
2022-01-01,5862.922888,1800.604332
2022-01-02,5862.922888,1809.190304
2022-01-03,6054.650664,1860.798118
2022-01-04,9294.092363,1907.46
2022-01-05,12095.3844,1916.92
2022-01-06,12166.749285,1920.450226
2022-01-07,13421.46,1956.983555
2022-01-08,14116.165999,2217.324505
2022-01-09,622314.602166,16652.6
2022-01-10,855680.064332,184943.982166
2022-01-11,883956.232166,207498.002166
2022-01-12,933711.732166,208577.922166
2022-01-13,1037185.382166,211308.454332
2022-01-14,1057920.11,215036.247069
2022-01-15,1057920.11,215036.247069
2022-01-16,1057920.110001,213226.133812
2022-01-17,1057929.082167,213226.133812
2022-01-18,1236258.923827,244115.800001
2022-01-19,1236258.923827,244115.800001
2022-01-20,1236258.923827,245606.832167
2022-01-21,1244621.302167,264488.992167
2022-01-22,1244621.302167,264488.992167
2022-01-23,1244621.302167,264488.992167
2022-01-24,1251762.672062,268460.78671
2022-01-25,1253408.252649,295658.502167
2022-01-26,1254243.553657,296691.655016
2022-01-27,1255315.812167,297492.932167
2022-01-28,1275557.786499,311162.322167
2022-01-29,1275557.786499,311162.322167
2022-01-30,1275557.786499,308820.122167
2022-01-31,1425145.306499,352925.012167
2022-02-01,1458914.892167,354841.642167
2022-02-02,1458914.892167,363123.506961
2022-02-03,1458914.892167,363123.506961
2022-02-04,1527178.836499,365129.733827
2022-02-05,1527178.836499,366557.696499
2022-02-06,1488595.999127,368283.542167
2022-02-07,1527178.836499,415204.882167
2022-02-08,1553735.682167,419680.747345
2022-02-09,1650002.929443,491266.114378
2022-02-10,1650002.929443,452023.805163
2022-02-11,1667667.706823,452023.805163
2022-02-12,1720899.042167,491536.902582
2022-02-13,1720899.042167,491827.600406
2022-02-14,1720899.042167,502833.82481
2022-02-15,1695719.394333,524243.130001
2022-02-16,1720899.042167,524243.130001
2022-02-17,1720899.042167,525502.533335
2022-02-18,1720899.042167,525502.533335
2022-02-19,1763206.805166,525502.584489
2022-02-20,1720899.042167,525502.584489
2022-02-21,1720899.042167,525502.584489
2022-02-22,1720899.042167,525502.856499
2022-02-23,1720899.042167,525502.856499
2022-02-24,1720899.042167,525503.044605
2022-02-25,1720899.042167,525503.156823
2022-02-26,1720899.042167,525503.379495
2022-02-27,1720899.042167,525503.407329
2022-02-28,1720899.042167,525503.407329
2022-03-01,1720899.042167,525503.407329
2022-03-02,1763206.805166,525503.407329
2022-03-03,1763206.805166,525503.407329
2022-03-04,1763206.805166,525503.407329
2022-03-05,1763206.805166,525503.518665
2022-03-06,1763206.805166,525502.584489
2022-03-07,1770819.647584,525502.856499
2022-03-08,1771366.504752,525502.856499
2022-03-09,1763206.805166,524966.713468
2022-03-10,1772456.166632,525503.407329
2022-03-11,1856620.200064,525503.518665
2022-03-12,1856934.632733,525503.518665
2022-03-13,1856934.632733,525503.518665
2022-03-14,1857213.587646,525503.044605
2022-03-15,1858643.518046,525503.407329
2022-03-16,1872762.146909,525503.407329
2022-03-17,1859779.13206,525503.044605
2022-03-18,1860367.898148,525503.407329
2022-03-19,1860928.504674,525503.407329
2022-03-20,1860928.504674,525503.407329
2022-03-21,1861773.251796,525503.407329
2022-03-22,1872762.146909,525503.518665
2022-03-23,1872762.146909,525503.518665
2022-03-24,2063974.44453,526343.546499
2022-03-25,2173129.690244,526343.546499
2022-03-26,2173703.511982,526343.546499
2022-03-27,2174270.469125,525504.546499
2022-03-28,2174805.128235,525504.546499
2022-03-29,2199017.130165,529636.388159
2022-03-30,2199275.498704,530688.142167
2022-03-31,2199549.180997,530688.142167
2022-04-01,2199821.501997,530688.142167
2022-04-02,2211498.343162,530688.142167
2022-04-03,2212631.979495,530688.142167
2022-04-04,2453627.269086,532309.546499
2022-04-05,2213457.00592,533081.166718
2022-04-06,2201524.514724,532304.518665
2022-04-07,2202081.138674,533626.902062
2022-04-08,2202955.481436,537670.341939
2022-04-09,2204079.216532,558371.121211
2022-04-10,2204341.406171,556199.892166
2022-04-11,2205214.007244,556199.892166
2022-04-12,2219050.14883,556199.892166
2022-04-13,2219327.811524,558371.121211
2022-04-14,2219645.890745,562314.243876
2022-04-15,2220480.672075,564688.775617
2022-04-16,2221641.552088,564688.775617
2022-04-17,2221641.552088,564688.775617
2022-04-18,2221641.552088,571485.909495
2022-04-19,2222219.654945,571485.909495
2022-04-20,2222504.154816,571485.909495
2022-04-21,2223934.838738,571485.909495
2022-04-22,2224533.658799,571485.909495
2022-04-23,2225693.600851,571485.909495
2022-04-24,2227109.816556,571485.909495
2022-04-25,2228557.505803,571485.909495
2022-04-26,2229440.622927,571485.909495
2022-04-27,2229731.119925,571485.909495
2022-04-28,2230033.156647,571485.909495
2022-04-29,2932361.913776,588243.972167
2022-04-30,2932361.913776,588243.972167
2022-05-01,2932361.913776,588243.972167
2022-05-02,3033512.786803,591619.520963
2022-05-03,3033512.786803,588243.972167
2022-05-04,2932361.913776,586738.462997
2022-05-05,2932361.913776,586738.462997
2022-05-06,2932361.913776,586320.349631
2022-05-07,2932361.913776,586601.110175
2022-05-08,2932361.913776,586601.110175
2022-05-09,2932361.913776,586738.462997
2022-05-10,2932361.913776,586738.462997
2022-05-11,2932361.913776,586738.462997
2022-05-12,2932361.913776,583680.232286
2022-05-13,2932361.913776,583680.232286
2022-05-14,2932361.913776,583680.232286
2022-05-15,3033512.786803,586738.462997
2022-05-16,3033512.786803,587508.904637
2022-05-17,3033512.786803,586738.462997
2022-05-18,3033512.786803,591619.520963
2022-05-19,3033512.786803,591619.520963
2022-05-20,3033512.786803,591619.520963
2022-05-21,3033512.786803,591619.520963
2022-05-22,3033512.786803,592253.54611
2022-05-23,3229847.15991,592253.54611
2022-05-24,3279251.325674,599388.378551
2022-05-25,3033512.786803,598546.963032
2022-05-26,3233945.487489,598827.623116
2022-05-27,3236250.161434,598827.623116
2022-05-28,3237699.38046,592904.528128
2022-05-29,3239117.376711,592904.528128
2022-05-30,3252519.476261,605939.400609
2022-05-31,3253422.013292,606204.554367
2022-06-01,3255162.519229,606204.554367
2022-06-02,3256389.054484,606494.027925
2022-06-03,3257214.086639,600010.000001
2022-06-04,3267118.509154,600010.000001
2022-06-05,3268552.884859,599388.378551
2022-06-06,3260960.971144,592904.528128
2022-06-07,3262354.554248,599388.378551
2022-06-08,3264935.692415,599388.378551
2022-06-09,3265229.144666,599388.378551
2022-06-10,3265849.831203,599402.378551
2022-06-11,3266432.494919,599402.378551
2022-06-12,3267007.838376,599402.378551
2022-06-13,3267898.192098,599402.378551
2022-06-14,3267898.192098,599402.378551
2022-06-15,3268504.15764,592918.528128
2022-06-16,3280971.30093,592267.54611
2022-06-17,3282121.348888,592918.528128
2022-06-18,3283540.775706,592918.528128
2022-06-19,3285039.345033,592918.528128
2022-06-20,3285635.265519,599402.378551
2022-06-21,3287360.21221,599402.378551
2022-06-22,3288229.065159,600010.000001
2022-06-23,3339655.91411,600010.000001
2022-06-24,3339655.91411,611886.667278
2022-06-25,3339655.91411,612176.032165
2022-06-26,3339655.91411,612176.032165
2022-06-27,3339655.91411,612721.836505
2022-06-28,3694580.389968,622314.518665
2022-06-29,3654906.840001,622314.518665
2022-06-30,3654906.840001,622328.546499
2022-07-01,3654906.840001,622328.602167
2022-07-02,3654906.840001,622328.602167
2022-07-03,3654906.840001,622328.602167
2022-07-04,3654906.840001,624756.902166
2022-07-05,3437396.273843,624533.470382
2022-07-06,3438266.609024,622655.083249
2022-07-07,3439439.734724,622709.652167
2022-07-08,3440611.431133,622367.602167
2022-07-09,3442365.150593,622367.602167
2022-07-10,3443540.816241,622367.602167
2022-07-11,3444438.283424,622328.602167
2022-07-12,3445324.075148,624756.902166
2022-07-13,3654920.840001,625259.391133
2022-07-14,3694574.455068,625811.28813
2022-07-15,3694574.455068,626022.927782
2022-07-16,3694574.455068,625707.773624
2022-07-17,3694574.455068,625857.235459
2022-07-18,3694574.455068,633073.438121
2022-07-19,3694574.455068,628192.090019
2022-07-20,3694574.455068,628192.090019
2022-07-21,3933122.63504,637724.533601
2022-07-22,3933758.540619,637724.533601
2022-07-23,3935043.717571,633073.438121
2022-07-24,4139902.331864,633073.438121
2022-07-25,4432787.123492,628442.971811
2022-07-26,3996379.703771,633073.438121
2022-07-27,3940732.715142,646821.670629
2022-07-28,3941049.777646,648213.098009
2022-07-29,3941685.793928,648213.098009
2022-07-30,3942597.404372,648133.049204
2022-07-31,3943458.26062,648133.049204
2022-08-01,4002320.329033,646821.670629
2022-08-02,4003446.275137,653552.565874
2022-08-03,4004560.50772,653674.361837
2022-08-04,3947007.505093,653791.293437
2022-08-05,4006859.639744,660151.57855
2022-08-06,4007840.4738,660151.57855
2022-08-07,4008924.744211,660151.57855
2022-08-08,4010000.322111,660151.57855
2022-08-09,3694574.455068,660151.57855
2022-08-10,3954328.203531,660445.59702
2022-08-11,3654920.840001,668910.344851
2022-08-12,3654920.840001,669091.664847
2022-08-13,3654920.840001,669272.997652
2022-08-14,3654920.840001,669455.034582
2022-08-15,4018011.655604,690514.609338
2022-08-16,4019111.946994,691541.03868
2022-08-17,4020165.880662,691541.03868
2022-08-18,4484004.46154,694232.928625
2022-08-19,4484004.46154,694232.928625
2022-08-20,4484004.46154,695567.296897
2022-08-21,4484004.46154,695567.296897
2022-08-22,4442034.0,699440.41366
2022-08-23,4442034.0,704670.843828
2022-08-24,4442034.0,703864.500864
2022-08-25,4442034.0,705775.255557
2022-08-26,4442034.0,713037.542727
2022-08-27,4442034.0,708561.706973
2022-08-28,4442034.0,708561.706973
2022-08-29,4442034.0,713669.044387
2022-08-30,4432801.123492,713669.044387
2022-08-31,4432801.123492,713669.044387
2022-09-01,4177955.081678,714517.205617
2022-09-02,4177955.081678,722305.949305
2022-09-03,4177955.081678,730371.915352
2022-09-04,4177955.081678,730552.723186
2022-09-05,4040036.972378,723916.65792
2022-09-06,3984478.719591,748505.49372
2022-09-07,3985927.812875,727719.799618
2022-09-08,3988342.883209,751905.319477
2022-09-09,3989535.203357,728782.882518
2022-09-10,3991010.65861,752262.082637
2022-09-11,3992500.465292,752440.172345
2022-09-12,4047429.174919,752618.28998
2022-09-13,4048380.347434,723916.65792
2022-09-14,4024995.498397,723916.65792
2022-09-15,3998141.558007,713462.286156
2022-09-16,3999032.887131,713462.286156
2022-09-17,3999618.80581,712629.197941
2022-09-18,4001412.91483,712629.197941
2022-09-19,4003815.135305,712928.333432
2022-09-20,4005616.369609,713228.541142
2022-09-21,4030853.546768,731245.952116
2022-09-22,4032071.95209,754401.286156
2022-09-23,4059338.34934,754401.286156
2022-09-24,4060369.408976,756102.124838
2022-09-25,4061403.513091,756396.757946
2022-09-26,4062420.815774,756987.579345
2022-09-27,4076381.69231,779544.344959
2022-09-28,4076381.69231,780240.842167
2022-09-29,4076381.69231,805103.126897
2022-09-30,4343987.017441,821501.148665
2022-10-01,4343987.017441,821501.148665
2022-10-02,4343987.017441,821501.148665
2022-10-03,4076381.69231,821501.148665
2022-10-04,4076381.69231,805103.126897
2022-10-05,4071714.891567,805103.126897
2022-10-06,3654948.840001,797011.580559
2022-10-07,3654948.840001,797327.208683
2022-10-08,3654948.840001,800971.48553
2022-10-09,3654948.840001,801098.566418
2022-10-10,3668730.92308,762308.770042
2022-10-11,3668730.92308,761921.02472
2022-10-12,3668730.92308,761922.02472
2022-10-13,3694574.455068,779125.0
2022-10-14,3725228.628896,762601.708024
2022-10-15,3725228.628896,762601.708024
2022-10-16,3725228.628896,779125.0
2022-10-17,3725228.628896,779125.0
2022-10-18,4041014.622524,779544.344959
2022-10-19,3755147.006304,779125.0
2022-10-20,3756013.352371,780240.842167
2022-10-21,4044816.366053,779125.0
2022-10-22,4045991.822744,779544.344959
2022-10-23,4046882.44407,780240.842167
2022-10-24,4048656.689182,779544.344959
2022-10-25,4049848.478514,779558.344959
2022-10-26,4050727.061365,780254.842167
2022-10-27,4086403.088955,805117.126897
2022-10-28,4087304.469283,801969.145114
2022-10-29,4088459.549271,802188.406607
2022-10-30,4088905.930327,802427.711466
2022-10-31,4089568.95109,780254.842167
2022-11-01,4091603.778006,792336.405333
2022-11-02,4092983.829906,792336.405333
2022-11-03,4101300.818423,780254.842167
2022-11-04,4102403.062872,805117.126897
2022-11-05,4103397.84047,805117.126897
2022-11-06,4073777.244918,841055.755364
2022-11-07,4075047.47453,841304.447654
2022-11-08,4067874.837007,841529.280649
2022-11-09,3732088.135829,857236.086479
2022-11-10,3733665.647856,866593.801724
2022-11-11,3816693.296294,866593.801724
2022-11-12,3817784.466799,869043.593372
2022-11-13,3892378.855753,866593.801724
2022-11-14,3954216.000001,866593.801724
2022-11-15,3954216.000001,868372.182167
2022-11-16,3954216.000001,869043.593372
2022-11-17,3954216.000001,869043.593372
2022-11-18,3897625.188279,866226.516525
2022-11-19,3898887.91037,866456.897351
2022-11-20,3898887.91037,866456.897351
2022-11-21,3901632.827457,866593.801724
2022-11-22,3903811.448379,867145.153753
2022-11-23,3954216.000001,882325.335946
2022-11-24,3954216.000001,893544.474296
2022-11-25,3954216.000001,893544.474296
2022-11-26,3954216.000001,894005.41413
2022-11-27,3954216.000001,894229.548368
2022-11-28,3954216.000001,896061.82417
2022-11-29,4094215.216314,905496.156076
2022-11-30,4102454.916333,905730.369572
2022-12-01,4103339.806158,923333.07155
2022-12-02,4097507.31135,917203.407219
2022-12-03,4100501.390439,917203.407219
2022-12-04,4101396.696529,906661.319547
2022-12-05,4101981.387809,906891.688225
2022-12-06,4102864.899455,899053.675946
2022-12-07,4104651.055018,899053.675946
2022-12-08,4107078.983465,907586.629296
2022-12-09,4107675.138708,914775.001129
2022-12-10,3954216.000001,908052.792498
2022-12-11,3954216.000001,907417.845946
2022-12-12,3954216.000001,899480.213618
2022-12-13,3954216.000001,900347.891555
2022-12-14,3931015.259526,900585.765878
2022-12-15,3931015.259526,900823.950123
2022-12-16,3954216.000001,901062.483781
2022-12-17,3954216.000001,909690.805442
2022-12-18,3954216.000001,909930.027228
2022-12-19,3954216.000001,910169.161144
2022-12-20,4000737.712284,910408.190566
2022-12-21,4001102.102522,915782.015946
2022-12-22,4125111.008435,930933.922269
2022-12-23,4126622.973901,930933.922269
2022-12-24,4128459.015447,927659.319242
2022-12-25,4129357.811343,927910.87957
2022-12-26,4130258.630199,928162.453441
2022-12-27,4131160.437497,928414.035174
2022-12-28,4132678.517947,928463.489774
2022-12-29,4133288.496451,932510.355946
2022-12-30,4134806.534438,929171.434686
2022-12-31,4170959.674325,929220.816006
2023-01-01,4171958.681034,929472.359995
2023-01-02,4173056.176582,932510.355946
2023-01-03,4174262.04973,932510.355946
2023-01-04,4175353.793542,932510.355946
2023-01-05,4176580.433479,932510.355946
2023-01-06,4177716.556892,955033.801138
2023-01-07,4178905.801028,966258.058331
2023-01-08,4180076.12439,967156.56556
2023-01-09,4181269.673184,977317.273529
2023-01-10,4182367.978024,977441.952909
2023-01-11,4152002.984235,977686.23014
2023-01-12,4184804.383633,977931.236834
2023-01-13,4185944.157979,983149.422625
2023-01-14,4187060.168686,983411.536385
2023-01-15,4188225.340739,983685.196508
2023-01-16,4189327.674037,1002309.706844
2023-01-17,4190453.363909,984208.484973
2023-01-18,4191631.729347,984485.243783
2023-01-19,4192826.698339,984765.902216
2023-01-20,4194079.283755,1003162.796823
2023-01-21,4195250.766381,1003480.803682
2023-01-22,4196402.530683,1004870.918261
2023-01-23,4215180.71178,1003925.910095
2023-01-24,4216307.926853,1004123.886742
2023-01-25,4217336.212101,968171.222269
2023-01-26,4218448.464205,968171.222269
2023-01-27,4219787.029348,1005172.880903
2023-01-28,4625161.413705,1006631.164483
2023-01-29,4432861.338956,1006917.362122
2023-01-30,4433707.983985,1012647.777945
2023-01-31,4434563.764308,1011538.973611
2023-02-01,4435554.429133,1012647.777945
2023-02-02,4209055.019085,1012434.7103
2023-02-03,4315484.05864,1012733.660559
2023-02-04,4316286.151093,1012932.868625
2023-02-05,4316994.759431,1013219.289161
2023-02-06,4317998.134545,1009077.302704
2023-02-07,4214646.249967,1009348.009014
2023-02-08,4319251.082707,1009620.904756
2023-02-09,4216856.58188,1009896.178021
2023-02-10,4217953.816891,1008856.894227
2023-02-11,4422650.4224,1009178.049684
2023-02-12,4567229.009127,1002462.15625
2023-02-13,4568062.876391,990506.221454
2023-02-14,4534414.202942,990506.221454
2023-02-15,4335150.650647,990506.221454
2023-02-16,4545574.605044,990310.448724
2023-02-17,4546382.355747,965966.89491
2023-02-18,4547148.41957,966220.161652
2023-02-19,4547777.043859,990506.221454
2023-02-20,4576737.829291,991548.966488
2023-02-21,4577882.59347,990506.221454
2023-02-22,4579230.008435,990506.221454
2023-02-23,4636517.056166,994270.266211
2023-02-24,4637732.893853,994546.271682
2023-02-25,4638893.219486,994801.279375
2023-02-26,4584248.139776,995059.459528
2023-02-27,4585544.058374,995327.785582
2023-02-28,4586735.852587,1006896.815402
2023-03-01,4588047.787954,1007069.000001
2023-03-02,4589211.536947,1007069.000001
2023-03-03,4646589.360176,1007719.18276
2023-03-04,4678393.887247,1007975.011709
2023-03-05,4678393.887247,1007069.000001
2023-03-06,4706613.058637,979370.3498
2023-03-07,4708149.092424,979370.3498
2023-03-08,4735545.51349,979370.3498
2023-03-09,4882104.307852,999999.094345
2023-03-10,4883594.055078,1000009.000195
2023-03-11,4884523.715929,1004129.681934
2023-03-12,4885591.167426,999999.094345
2023-03-13,4886396.831953,999999.094345
2023-03-14,4887874.517545,1000252.046969
2023-03-15,4888951.696736,1000611.732426
2023-03-16,4889355.194242,1006805.245985
2023-03-17,4719672.116847,1005728.206304
2023-03-18,4876284.756332,1006004.151483
2023-03-19,4894820.024021,1007069.000001
2023-03-20,4896307.319606,1007069.000001
2023-03-21,4897667.1116,1008116.523722
2023-03-22,4899419.93942,1008378.992682
2023-03-23,4723011.574756,1007371.646343
2023-03-24,4723011.574756,1007648.305051
2023-03-25,4723011.574756,1007938.885131
2023-03-26,4723011.574756,1008231.571347
2023-03-27,4720782.867672,1008530.922748
2023-03-28,4722226.950367,1010046.277649
2023-03-29,4723418.223841,1010331.819959
2023-03-30,4727009.564196,1021713.912104
2023-03-31,4728879.156696,1023390.506337
2023-04-01,4729784.356415,1023668.508516
2023-04-02,4731283.332873,1024179.131255
2023-04-03,4733064.426659,1024548.868407
2023-04-04,4925687.017441,1029535.533113
2023-04-05,4919219.820298,1025208.591411
2023-04-06,4925687.017441,1030140.206617
2023-04-07,4925687.017441,1030140.206617
2023-04-08,4925687.017441,1030672.706774
2023-04-09,4925687.017441,1030672.706774
2023-04-10,4926599.433792,1031051.179169
2023-04-11,4950152.854675,1030672.706774
2023-04-12,4952311.320823,1031965.574916
2023-04-13,4955051.473277,1033529.15117
2023-04-14,4957499.02371,1032886.327503
2023-04-15,4958710.995717,1028112.32223
2023-04-16,4958463.277213,1028395.216199
2023-04-17,4966576.79133,1028685.101949
2023-04-18,4968079.78496,1034416.325367
2023-04-19,4970225.958322,1035277.460665
2023-04-20,4972176.914497,1036577.89642
2023-04-21,4974508.006458,1036866.722314
2023-04-22,4975675.05695,1037456.242167
2023-04-23,4976825.828271,1037455.602694
2023-04-24,4978805.755697,1037456.242167
2023-04-25,4979198.128567,1037456.242167
2023-04-26,4980641.007877,1037456.242167
2023-04-27,4982157.957326,1037620.279663
2023-04-28,4983613.501961,1037920.18164
2023-04-29,4984970.992378,1038199.880421
2023-04-30,4986381.637422,1038490.531238
2023-05-01,4987778.476462,1038778.337452
2023-05-02,4989147.022749,1039060.314196
2023-05-03,4990555.116169,1040305.438907
2023-05-04,4987480.147928,1038708.233599
2023-05-05,4989265.13771,1038708.233599
2023-05-06,4990354.485341,1040225.312585
2023-05-07,4991574.963099,1040517.523874
2023-05-08,4994197.053158,1040887.372429
2023-05-09,4996940.141738,1041192.891193
2023-05-10,4998890.639372,1041504.823168
2023-05-11,4968117.902392,1041753.254548
2023-05-12,4969210.23384,1042048.406957
2023-05-13,4970312.667567,1042342.554837
2023-05-14,4971421.448476,1042623.156045
2023-05-15,4972522.104604,1042921.457058
2023-05-16,5008462.80661,1046980.463677
2023-05-17,5010942.358029,1049185.096894
2023-05-18,5012349.873219,1047592.246351
2023-05-19,5013753.201866,1049719.252051
2023-05-20,5015301.447056,1049976.468953
2023-05-21,5020954.129964,1049976.468953
2023-05-22,5134913.09477,1050510.226408
2023-05-23,5026331.563285,1050510.226408
2023-05-24,5137800.082411,1050778.920171
2023-05-25,5139240.64054,1051320.600443
2023-05-26,5197577.423468,1057190.642394
2023-05-27,5199021.744002,1057484.337939
2023-05-28,5200452.696943,1057775.315249
2023-05-29,5201884.31019,1058066.42683
2023-05-30,5203316.64851,1058357.68585
2023-05-31,5204743.342213,1058647.797065
2023-06-01,5191610.707374,1058935.778345
2023-06-02,5192573.665143,1059170.068387
2023-06-03,5193793.897725,1055466.210641
2023-06-04,5210563.051946,1055466.210641
2023-06-05,5211979.641691,1055872.738667
2023-06-06,5197307.09012,1056670.180121
2023-06-07,5198218.2616,1057474.857415
2023-06-08,5199327.228984,1057746.461812
2023-06-09,5200174.505802,1058014.134143
2023-06-10,5201260.86448,1058822.370383
2023-06-11,5202009.171017,1059092.164324
2023-06-12,5202824.536128,1059629.203762
2023-06-13,5203777.599631,1060167.690483
2023-06-14,5205107.519465,1060321.404818
2023-06-15,5206185.874017,1061259.945559
2023-06-16,5207344.637007,1061568.064351
2023-06-17,5208470.083265,1061720.744341
2023-06-18,5209445.954061,1062034.436784
2023-06-19,5210335.548608,1064208.950981
2023-06-20,5211289.374704,1064502.248866
2023-06-21,5234976.135852,1064795.488387
2023-06-23,5237859.501387,1069862.427277
2023-06-24,5239301.860159,1070191.079683
2023-06-25,5240743.463956,1070446.750291
2023-06-26,5242185.273789,1070345.193457
2023-06-27,5218672.210848,1070345.193457
2023-06-28,5187840.651796,1071488.359764
2023-06-29,5189272.902246,1070384.938018
2023-06-30,5190706.289737,1070550.287328
2023-07-01,5192140.159753,1070883.453196
2023-07-02,5193573.688259,1072029.600684
2023-07-03,5224825.763786,1072533.641249
2023-07-04,5225920.949891,1072702.07848
2023-07-05,5226936.956149,1073033.676958
2023-07-06,5227987.834092,1073367.875272
2023-07-07,5229523.476561,1073367.875272
2023-07-08,5230702.347873,1073867.2879
2023-07-09,5232132.250303,1074366.624191
2023-07-10,5232929.365356,1074703.770682
2023-07-11,5206477.957899,1074313.728854
2023-07-12,5207911.515939,1070959.80551
2023-07-13,5209344.55839,1075923.27424
2023-07-14,5210777.573952,1076206.452426
2023-07-15,5212224.327856,1076493.820985
2023-07-16,5213670.627045,1076780.73487
2023-07-17,5215117.372889,1076695.660997
2023-07-18,5216564.762798,1076860.556169
2023-07-19,5218012.796509,1077191.281943
2023-07-20,5219460.708111,1077693.897416
2023-07-21,5220910.098932,1078332.905772
2023-07-22,5222360.494139,1078714.719685
2023-07-23,5223811.664243,1079085.448584
2023-07-24,5225263.428596,1079380.825521
2023-07-25,5226714.981497,1079860.953565
2023-07-26,5228166.204649,1080313.614981
2023-07-27,5229618.418904,1080323.247463
2023-07-28,5253852.657219,1080623.169709
2023-07-29,5254973.052369,1080927.515299
2023-07-30,5256281.931369,1081521.305841
2023-07-31,5257396.42072,1082565.899204
2023-08-01,5258321.751789,1082565.899204
2023-08-02,5259448.816998,1083187.789345
2023-08-03,5260578.783106,1083525.083414
2023-08-04,5261870.631768,1084028.24817
2023-08-05,5263226.702873,1082956.261402
2023-08-06,5264040.075136,1083242.108335
2023-08-07,5265003.977931,1083435.609652
2023-08-08,5265982.597968,1082565.899204
2023-08-09,5267201.290695,1082565.899204
2023-08-10,5268163.499874,1080313.614981
2023-08-11,5269116.98777,1080313.614981
2023-08-12,5270244.020261,1082565.899204
2023-08-13,5271385.880006,1082565.899204
2023-08-14,5272570.162503,1085506.620439
2023-08-15,5273738.192084,1085759.922249
2023-08-16,5274763.613108,1082565.899204
2023-08-17,5276162.420224,1082833.611529
2023-08-18,5261675.75148,1086499.656494
2023-08-19,5263141.030224,1086744.848575
2023-08-20,5264610.022123,1087062.323496
2023-08-21,5266074.408163,1087425.695268
2023-08-22,5267540.001395,1090503.787257
2023-08-23,5269005.55722,1088222.373166
2023-08-24,5270470.200809,1088550.027263
2023-08-25,5271931.613722,1091364.900773
2023-08-26,5273396.026137,1091652.044817
2023-08-27,5274856.986172,1091938.511913
2023-08-28,5276319.465199,1092225.276855
2023-08-29,5277781.819871,1092512.017413
2023-08-30,5288228.432167,1092797.012306
2023-08-31,5288228.432167,1093079.583358
2023-09-01,5288228.432167,1093366.559205
2023-09-02,5288228.432167,1093653.920883
2023-09-04,5288228.432167,1096323.812996
2023-09-05,5288228.432167,1096827.066347
2023-09-07,5290938.032613,1101812.807929
2023-09-08,5292408.213963,1101812.807929
2023-09-09,5293876.819199,1101812.807929
2023-09-10,5295349.275527,1115387.660113
2023-09-11,5296825.431194,1115698.592348
2023-09-12,5298300.588077,1116009.314203
2023-09-13,5299780.0804,1116320.94926
2023-09-14,5301258.799853,1116632.421522
2023-09-15,5302740.896404,1112499.773207
2023-09-16,5304224.909963,1112499.773207
2023-09-17,5305706.52073,1112499.773207
2023-09-18,5307190.317999,1112499.773207
2023-09-19,5309095.122166,1103624.977069
2023-09-20,5309095.122166,1103969.207442
2023-09-21,5309095.122166,1104139.493159
2023-09-22,5288228.432167,1112499.773207
2023-09-23,5288228.432167,1119446.895651
2023-09-24,5288228.432167,1119759.506517
2023-09-25,5288228.432167,1120072.541671
2023-09-26,5288228.432167,1127682.602038
2023-09-27,5288228.432167,1127682.602038
2023-09-28,5288228.432167,1127682.602038
2023-09-29,5288228.432167,1127682.602038
2023-09-30,5288228.432167,1127682.602038
2023-10-01,5288228.432167,1127682.602038
2023-10-02,5288228.432167,1134630.719835
2023-10-03,5309095.122166,1127682.602038
2023-10-04,5309095.122166,1134630.719835
2023-10-05,5309095.122166,1134630.719835
2023-10-06,5309095.122166,1134630.719835
2023-10-07,5309095.122166,1134630.719835
2023-10-08,5309095.122166,1134630.719835
2023-10-09,5309095.122166,1134630.719835
2023-10-10,5309095.122166,1127682.602038
2023-10-11,5288228.432167,1125083.684584
2023-10-12,5288228.432167,1112629.876902
2023-10-13,5288228.432167,1112991.426267
2023-10-14,5288228.432167,1113164.895917
2023-10-15,5309095.122166,1113412.527452
2023-10-16,5309095.122166,1126658.913917
2023-10-17,5309095.122166,1126974.033721
2023-10-18,5309095.122166,1127682.602038
2023-10-19,5309095.122166,1127682.602038
2023-10-20,5309165.122167,1127920.947442
2023-10-21,5309165.122167,1128236.276494
2023-10-22,5309165.122167,1128551.50438
2023-10-23,5313455.109249,1128867.205887
2023-10-24,5313455.109249,1134630.719835
2023-10-25,5313448.069376,1134630.719835
2023-10-26,5313448.069376,1134630.719835
2023-10-27,5314886.273865,1134630.719835
2023-10-28,5316429.730925,1130438.005993
2023-10-29,5317918.559552,1130750.826322
2023-10-30,5319404.484043,1131063.871862
2023-10-31,5320843.281036,1131376.393789
2023-11-01,5309095.122166,1111131.766243
