date,blockHash,totalAmountReleased,blockHeight,totalAmount
2021-06-09,a748cdb81d9b34d93d3aca5881f40a2ba1159e0536f20cee69c1158da45f186e,,6346.0,1.0001958234607912e+16
2021-06-10,bb3746fa24a5a77fff242b252e4e8d7e11c52aff779b00834ed7cf8132015ea6,,14947.0,1.0004570551397852e+16
2021-06-11,e8f05f95de25bdb540a7c7072bf754a72446b06fd4a0d4ae4013abaf0098e239,,23516.0,1.0007183134614074e+16
2021-06-12,e752e6023b9f43b4b9a13e8ca0e1aa7840a00d8af0c2df5c55ebdf389d57d6ed,,32031.0,1.0009795386626798e+16
2021-06-13,08b8a3bfb23e6fe154116aef4a6653bd13c636a51cce5dff439bdfd92d21435f,,40464.0,1.001240965954794e+16
2021-06-14,2fb0f00f455ed3e2e46e011719036ba0c60d8a6cbbb2b29b22ca048168fbc33e,,48998.0,1.001502572002708e+16
2021-06-15,e30ba6f08342c21f070dea7b7cc7149c768d06b35f0ae23428f0e67c5fbb09b9,,57551.0,1.0017641358962156e+16
2021-06-16,d6bab4c8be481bfd4c0ffd5bd48897d1c814849bdb485889863d16914b4ff73c,,65941.0,1.0020257249482208e+16
2021-06-17,9a794cf79fde34cb34cb633da5b6c90262385442693a7ffa065f25453e47449d,,74561.0,1.0022874148722292e+16
2021-06-18,b08baa1817b0ead35c405c19850c01154108f741058981276439ec4b8107df21,,83150.0,1.0025491723819232e+16
2021-06-19,a753765f1615835377441881c12ddf6f0452a94ce8bb8836883105703522dfd8,,91653.0,1.0028109959791732e+16
2021-06-20,5ca0a7b50cadd1b8c1f102477d6f70df0a7d6871d730a74b24b3ab2fcf0841de,,100284.0,1.0030728917431614e+16
2021-06-21,7c7af01ea27a6aaa1c47e3bbea1b3f6865ebc43d4c8dd5c3cdec98009a010bab,,108840.0,1.0033348384682996e+16
2021-06-22,c416c8ee4ba899d016ef23b645276ad085bf1020cf97de4aee6782cd55b06caa,,117481.0,1.0035967777709164e+16
2021-06-23,1119964f8708d10ba2121bd63861b17ffc34afc3bac429cbca5684a1ebfa617e,,126001.0,1.0038589424634752e+16
2021-06-24,bd871707072c70cf127628128a1da3b76f125fd8bb76a7502f5d6444213b2147,,134675.0,1.004121052733849e+16
2021-06-25,74cfca3e3a9f963a82c2478c8e794b687374ad9294d05f669da1466db790653e,,143209.0,1.0043833756288052e+16
2021-06-26,7a3654981f48d11a237b7a3496a856c4b4503dc9edc43f6d42d57326bf1aae9e,,151738.0,1.004645644084238e+16
2021-06-27,15a095aeb6449c8a58cf71c8d60784a59260cb2cd385453baa5dbfe8d6398503,,160320.0,1.004908061507357e+16
2021-06-28,500af5583916b7901f9f5627d482eeef99c5b549c8b4fea38f57523dc0ebfa52,,168757.0,1.0051704897549912e+16
2021-06-29,5e176f3fc67777f4100108310f93200445c8d0949c493332e920ad937477d3db,,177242.0,1.0054330184410522e+16
2021-06-30,e101ee78edbf405cf12bc682b520d0b518c1e9c46de67b58a06e34f4b3424265,,185843.0,1.0056955792201546e+16
2021-07-01,047adbdfa7114c2d7056acab7e7e1621a9e9c3feb00e615d521124af942268dd,,194213.0,1.0059582245263408e+16
2021-07-02,b6896941fe17c0d787802c8108caf301d89646fdf4a5d2ed0bb9ec54dbbf83bf,,202767.0,1.0062209270204148e+16
2021-07-03,57cfced5de3242bbdf82dec742cf959be02303c83ccbdd42207cc30747572635,,211229.0,1.0064837095253168e+16
2021-07-04,702c711c0defd2a3a97afac06f73801502524daca7528ce1c90ca64dac88d481,,219699.0,1.0067464769849184e+16
2021-07-05,5fd53826c7ef5f74de04e3a407e76c1de20a46257e68d798e3a2ecd76eb136c5,,228176.0,1.0070094697841388e+16
2021-07-06,7681ed13463afd8ebcfc24618d56d02ecdd8b6680995e7d1b0173fed9fc38b74,,236794.0,1.0072724970373216e+16
2021-07-07,9197326de4a6bb7cace0a72393b4b3c9afb05543f5df5193bd655b66afa0ee8f,,245308.0,1.0075355397040748e+16
2021-07-08,7825995e0e2ec975b808f5d16ce662211b155c8d807f3fe8008b78e5a80790b0,,253891.0,1.0077986327877062e+16
2021-07-09,4614f53e6136094a32674cd62a7c5f73a36701adef223a290b2e12a3edacff86,,262280.0,1.0080618334161612e+16
2021-07-10,23ceb458b8738fcd73f20647e8bf9e7835b5aeb87de6661602a7ef1be9698303,,270927.0,1.0083250997356968e+16
2021-07-11,0402dbd6f6fcb68ddeef2aa0b0f63f004ad60ecdeea981c594934dc195f72eb2,,279476.0,1.0085884668164372e+16
2021-07-12,987662a868c2aff4c96e50cc0f083ea0c51056709cc67fc99001644ac238782d,,288072.0,1.0088518653362464e+16
2021-07-13,c7950921077ea29106303390f26b84f8e955ffaf43f7b26658b0c4cbf288ac71,,296729.0,1.0091153417934992e+16
2021-07-14,d922d5d74ee74257be295f3fa0453a2a2372e5e344c8dc6121c4c29eadd8b11a,,305219.0,1.0093788229986612e+16
2021-07-15,b4e38c789021637e9d4db01dc5f116730764be6a404ef3d4cd7007a76adf9164,,313904.0,1.009642475984094e+16
2021-07-16,07ab3f9e965ce7d28ffd906223dc9546884cc30067373026fc567d5385944e21,,322383.0,1.009906123057518e+16
2021-07-17,b7e3a914f5570aa2437441e532f4aab4232864d757868fb52dafd781854f5ee1,,331000.0,1.0101698969839152e+16
2021-07-18,1d8588e578ff78b673c53d41273c2d8275c75ccfe9b8906ed6fb32e45becac60,,339553.0,1.0104336924706392e+16
2021-07-19,58445f52af410fce0be5f18497d141106c2fe460c9aa0188413ff3206a819558,,348136.0,1.010697575172428e+16
2021-07-20,fc542f421c9043f9a258c1e00dfb4f23f146cb1d4bede068c38834e0d3166b1f,,356721.0,1.0109614801944984e+16
2021-07-21,f4fd079064ac6daa459c30ec1efb3b6aa7d11ecaf27e93c259dad72bcb74d65b,,365266.0,1.0112255419908046e+16
2021-07-22,f726f91461665a6a3f844af19f705bed61907e67eb6adee244e83845ad8747ea,,373706.0,1.0114896307260852e+16
2021-07-23,618bf1df54ecf8c32c8148dc162d108135c28c6dfc84f0bd90315dc993f4abae,,382066.0,1.0117537754344178e+16
2021-07-24,a160889ff4ea598eefeab1a9ca42342702df763b2612bcb19fa33a4e6b09a0cc,,390760.0,1.0120180434125544e+16
2021-07-25,6ea802472aaaa28f9fa8f10074ce895fc402e602b68e62249cc11fffe79d0f9a,,399383.0,1.0122822962838166e+16
2021-07-26,9d6e4655dc06cd929304c312d032b2180d12b4c387513ab242861d6c7ea9adbf,,408092.0,1.012546700780416e+16
2021-07-27,8017b612474ebd520014f68590c1f4d924e380e371d844c69ee0a5ed9a467737,,416669.0,1.0128110809784958e+16
2021-07-28,d292bbbc1edf2bfc4b9f693417903f9e400b7b98db5c3f497da874ba87db6f0f,,425120.0,1.013075649616928e+16
2021-07-29,71a8b6eb2ef818de7f25ede5eed01f8854b7545fb033dd38b2d541b1812f2545,,433659.0,1.0133402207553468e+16
2021-07-30,f55fb76b09bab2f2d2fd84fb2937d4bea0afc92b56f38f7f4d857ef5fe952725,,442245.0,1.0136048548614362e+16
2021-07-31,b347f1f8598a2749f8a70db76326ae573f86b50aff6c73718e80ccbc181c1420,,450757.0,1.0138695779939968e+16
2021-08-01,d23e50c19a59ab47ac0839bc99d9a4eb7e5633b003fcb71104ce4b08732ed36c,,459268.0,1.014134344211932e+16
2021-08-02,aecd5e223364b39a5bb1d6120e7c14ec8a84b658c333e68d8b34c42d1d272524,,468048.0,1.0143991826378324e+16
2021-08-03,bb4332b74751311dc23d28f0d6dbf6337f0cd509aae0876b16124ffd87a4dae0,,476434.0,1.0146640733593554e+16
2021-08-04,42d9a5e8bf9ec9be766b2934afaae9270f83ebb8184271ca0c3d0cdf2eb55e37,,484913.0,1.0149290969002182e+16
2021-08-05,480afca4c2ddcc9353398aa877b334de67bf0cfdea12981200498dab820971c9,,493582.0,1.0151941336690756e+16
2021-08-06,e1a7f1bbfa8188e9b689e1e80c5b63e76e98a03e2f3ef6e651d7e93990db2c97,,502205.0,1.0154592833822406e+16
2021-08-07,89aa01b744282d0845433faef5211f91b24c8ea136bd871616a4fac0ec4eacd6,,510769.0,1.0157244770217924e+16
2021-08-08,f9c49d24c15319e68fec522428755dcf1233eb0c496aa9f2d494d5272d20fa8b,,519335.0,1.0159897468271814e+16
2021-08-09,df397a806eff72be7e09057f677e1956efa169ffdb24571246c8e185d3142c57,,527876.0,1.0162550613401302e+16
2021-08-10,e6605d1baef0799e70452502409c413143ffbc071f845519151aaeae67ed8099,,536230.0,1.0165204912199656e+16
2021-08-11,299d25db69156180890effe3012aaa53120a0af410d2c37da410793386f1fc1f,,544804.0,1.0167859474039608e+16
2021-08-12,a6a3a1fcff5c1e2dba595d9f6d2a845cbcd417c71f7935157d413c5a6167f62b,,553270.0,1.01705149980547e+16
2021-08-13,fac8c1b2e02f551baca37b808cbf93a6366fe532853acef057e1e8775828e287,,561836.0,1.0173170961954144e+16
2021-08-14,cfc5018b999918ddafac80414ac7c32dd994921b03a054f302d467f3306ac441,,570290.0,1.017582758868731e+16
2021-08-15,984426b64972456695ffc0e614b186bb2e89f980a1028553eb0b3fa79281bdac,,578814.0,1.0178485409057224e+16
2021-08-16,6fe9c4445e8bd4cf2cc8e8278edd263429d07f6669d3a5421d49a3a831c37eaa,,587392.0,1.0181143331297368e+16
2021-08-17,458dc91e89462aa4087fadc128df148e4161a70e362dee337586c682b1f02096,,595896.0,1.0183802109189868e+16
2021-08-18,b8ba4a661c8dbd1e34fe4583167759e8c7660e55f749822d5433c6b2a4531d29,,604445.0,1.0186461935456288e+16
2021-08-19,20da674c94911ab2d82240ff7a4e335b1ea2f7c9cc014934268e4fdd8903582d,,612953.0,1.0189122333244656e+16
2021-08-20,32a984f81bb11a326196317d99e6d9d7d45f7659d9b849388662fafe83b7a02f,,621466.0,1.0191783341142752e+16
2021-08-21,0c916991c0c2e8689fb6fc42f6349d5abd14deef59b9c77aca67db8ad8bfa6bd,,630056.0,1.0194443880904494e+16
2021-08-22,a053fd97e944e75dbb46f1da7b4e2e1cf4287a3db2ac096da0a844f40f8f7874,,638702.0,1.019710706445516e+16
2021-08-23,7a276d59a9756cee04075ee8ee7e3e917788d647bda220ef48ad8f989e2dd6c8,,647082.0,1.0199770296377788e+16
2021-08-24,f348505857ee71d9f443b8d2e1f7d3dc3da19e6cbf536a484a02d34af5ede100,,655583.0,1.0202434085115592e+16
2021-08-25,53852200512e2844710b8e9ef920d49db3963076f270592cf2ebe1d3ca451f2b,,664139.0,1.0205098353635232e+16
2021-08-26,cd7750040e2143820a51b480f01fb4bf1fb841b70fcf7222448216189bc98ff4,,672744.0,1.0207763626409024e+16
2021-08-27,b3ac3e55692bf02d3e5eb115a685674af42093c5936f9c3a9bb429ab191abb9a,,681279.0,1.0210429263543748e+16
2021-08-28,ea9ec3b95018f97416920a088a0321dade0c7f60496a5d821a07c1ea0e2f75e4,,689750.0,1.0213095643078254e+16
2021-08-29,d5a9d9290d74f38586dba487dbb03446996bc9fba63ded3886163e5981fd8f56,,698283.0,1.0215762811542792e+16
2021-08-30,5c542bf1b6a73971ca6e8209dc5ac7630eb915b92bb1c9c6c25ffe9e92955c8a,,706652.0,1.0218430877281498e+16
2021-08-31,5ddf6a4e71fe74d7730c7f79bcdd3471bb349ca528cdf20da0be431691093669,,715200.0,1.0221099060638902e+16
2021-09-01,8c705a122b58391befeb89d8ef457f61f62f22612facc834ee2d7fd30125c082,,723660.0,1.0223769207555282e+16
2021-09-02,460609f8a852f313e6bc45d5c9084b0c9ec0afa319b218a10b9a9bba4aeab6ff,,732073.0,1.0226439155713916e+16
2021-09-03,d1af4b8e8559411802c68ab2e1c71f21b0c738b2a02754678f8f72dd5211962b,,740504.0,1.0229108595444012e+16
2021-09-04,ac0d762033019fb74095cd7b43b4beeb84d17d475e463ffb46d9460973559464,,749044.0,1.0231781058954102e+16
2021-09-05,b24e4a7b830708d9f4988f8dd9f3fffa461f771f8d5333bf0fbe40726a50c573,,757713.0,1.0234452457593236e+16
2021-09-06,72dc0bb0c52e80885986256b36d2e8adc336df648c6fb228aa5b8746d2c92a5d,,766183.0,1.0237126007851148e+16
2021-09-07,df3f9be7a21b6c99a00b19d45275fd5c23e20ad9c31140edd34eb4299db65281,,774911.0,1.0239799784573928e+16
2021-09-08,1085f2f46e73c5ff6b96cb453465a6f3dda53a288d79f63d395fa0d818fb1642,,783610.0,1.0242473748879876e+16
2021-09-09,b5544540cd13d9026af0b81a09b356e24327d60057fcc46d1bb2bc59311ab2d7,,792062.0,1.0245147590915804e+16
2021-09-10,4e27963d3f306a1fd76b8d0ee06409da5be2a6f74bcaa80f56f538dddb62ce7b,,800726.0,1.024782434544234e+16
2021-09-11,1bf73ddf0ae1d434dfca80dec082c8ce1dbd9297bbc96bad267be21ea8c5a1fd,,809433.0,1.0250500505921728e+16
2021-09-12,eecee6a991e8a9411b9d0b4c9f98f2394a36cafe2bb8b46085194740fcd3bc38,,817902.0,1.0253177713878176e+16
2021-09-13,998f543f25df92a34eb7ad0ddfd8ca29edc87b36cd33b0db531616703649f9f3,,826340.0,1.0255855466083584e+16
2021-09-14,5c868fc399324ace8534b5d2e66d9ad1020856e2b23fd8bcfb6883459364284b,,834926.0,1.0258533561073064e+16
2021-09-15,39f5cd321a04feb6fe4e43503ab5e758087917f310e129f706239ef01c9b441f,,843504.0,1.026121265000428e+16
2021-09-16,66a46e8e2bee1fdd793e036c1bf3c478e83ab7cfe82c0088ec5ce43a7fb6de06,,852038.0,1.026389269451541e+16
2021-09-17,15f8e5a0b9071dc36ef4b6c9921afe06e2ffea398561aa179b935599f71886b5,,860591.0,1.0266573035638e+16
2021-09-18,d2945fd496e383149a84bbbf572921bdb4775dcb7553b458ab0e872590506d78,,868994.0,1.0269253525815916e+16
2021-09-19,434e8bd2e389faad46a695ad1790fd1c9afdb93882e97f1313f8dff3bbd44b56,,877607.0,1.0271935569564888e+16
2021-09-20,635c9124ea591e89f6a2ea3bdd4cc3f6bd8c2e08bc65364dbbf5756ea3860b63,,886187.0,1.0274618422473416e+16
2021-09-21,e3d10942f78008b30c2ae6344d5ead5c2e566ceab38e8e853541f00bce9bb236,,894768.0,1.0277301999392564e+16
2021-09-22,c94d1e4fa40f67c19c9e51d0541db9381be5895377c542694f4d8e1747e9140a,,903442.0,1.0279986230618712e+16
2021-09-23,b08040b042632a5369815e799e72e16ca18ceab54f0d780618b873584fb2c84d,,912024.0,1.0282670580220772e+16
2021-09-24,7c2f3b6ab83f87729bbab27be591cbed3f9211c28ad84d7d3dd51e9c2d3e9bb1,,920427.0,1.0285356353498664e+16
2021-09-25,cf60a0a862a73c4eea4ec54d22f6463d3eb8814f448ea0eb75e002348124576a,,928955.0,1.0288042206420852e+16
2021-09-26,1e7f888f43fd505c15e5836995acee4c09de8d84d3c8dad6e1800e5477a36cba,,937489.0,1.0290729048396944e+16
2021-09-27,db782ead2c99810ededad13bc4841a6cec9c16fb253573eec51864415401a739,,946054.0,1.0293416786507144e+16
2021-09-28,78dc2e1936a5c6d65432a2d2513d6c8d35040d1c724fbd169fc672c4a982b1eb,,954579.0,1.0296104837632688e+16
2021-09-29,d3458479c9ea7264cc596766d32c60534f65978e42dee600583e946ea309c2ac,,963067.0,1.0298793723007536e+16
2021-09-30,b70344b6de671e81a7121b16ae8f333c10db4ca413cd770d4a94d652798f30e3,,971587.0,1.0301483318383324e+16
2021-10-01,eb42314129e8ba1e5ae2ed92387f012b5d069fd10120fc3ff3e855d6784b8e46,,980080.0,1.0304173795230256e+16
2021-10-02,1719fe480255a70ef90c7568af903522888e35d3caac2d6ea5c59dd3c84794d7,,988701.0,1.030686470998344e+16
2021-10-03,9b5697b4e1a71274db2f51f1f97c7b75eea3d0c578b75039ee248188188020fa,,997175.0,1.0309556218409988e+16
2021-10-04,199603b76db44633f8ea9858b55412d47224352f20df9eb274e5d4316bef5823,,1005840.0,1.0312248382940714e+16
2021-10-05,f4088ae4c8607cef1dddea365c9d53be7fde716825bf2cc0c9fb5bf6e01beef3,,1014239.0,1.031494087639034e+16
2021-10-06,38fd531ccc8ed836b019e2e505cfa403707adedabec50c2fa5a0b3db867afa5f,,1022640.0,1.0317635842455564e+16
2021-10-07,cbddf673b1ca15043f38de19cdc468ee32309793fa36a3cbc5680a8c5d997681,,1031198.0,1.0320330038865318e+16
2021-10-08,6ad3ec5da17dbf4330c55cad79c58453e0eaf5fa0d1881e3f17a7bc22ad59e87,,1039846.0,1.032302564077396e+16
2021-10-09,4fdead94cd13e9632105d82506b2705862a40b93b6bac8f9585cb03221c3105e,,1048431.0,1.0325720932526108e+16
2021-10-10,078259445ca695a9a9fe801ddce97ce332cb61cbf30b6084ebf5abc63fd885aa,,1056876.0,1.032841817661478e+16
2021-10-11,c5c7a1923d8573d1954c88722a84e3efa6637c0360b95b0b120c93b74c702ecc,,1065429.0,1.0331114134776728e+16
2021-10-12,625a9111b60df710a8da5042907b57f0cd2e8ae99c873b2809669c3e4ef099a6,,1073940.0,1.0333813701178772e+16
2021-10-13,455bf94845eff8c4c068e02e0ad944315ef6ad88539575a6316bf5d0ba0950d7,,1082553.0,1.0336512348525756e+16
2021-10-14,d14d6b56c3b916e87a5fb1c2d1170b2a013d6bc8be46f1740327686e70c9ca2e,,1091179.0,1.0339211419386576e+16
2021-10-15,7e9dddc3ccd59492359ce581cdec277eb8b82e04ad44d5c006d3b33e13058d57,,1099724.0,1.0341911648241104e+16
2021-10-16,a52d454dd29f8b15fd5b44fc29f947f6342e75fe89b88a26d977f00ca04cefdf,,1108305.0,1.034461230092052e+16
2021-10-17,0753114d1815d133dd925ae53a077b06fef8930c4fd209a9b33dc197ed7369d5,,1116956.0,1.034731430774038e+16
2021-10-18,a79708f6a8dd8642c8149e47e12ef42b9392e42a082cf6896c6b6fb3b3298207,,1125479.0,1.035001659021605e+16
2021-10-19,20f77a3f8d6a968cc4fc2fe870b143d0510fc8000e00ba411467e150fbbc21d0,,1134032.0,1.0352719601880556e+16
2021-10-20,cfa6464ef59c4c92d04ca85e2089d7f2dbbdcfdb9a2ceeee62b173f079d30006,,1142434.0,1.0355423131682944e+16
2021-10-21,30825051d890c929ed8afa286a599597b8ebfa76778695ca1e1730d11595cfad,,1150918.0,1.0358127195312954e+16
2021-10-22,57927ad29b6d6ce3abe8ef621a56a1b51557b09c14592ff7875712b53fa979e2,,1159442.0,1.0360832559993186e+16
2021-10-23,8ace9952aced411dd276c0d7a3434469a4181b787d61020bc4d9a9b7378c1d19,,1167993.0,1.0363538404188296e+16
2021-10-24,65ff7cafe9b35be9c16b041fde0429de4a94a397d60ea834b06a439451758f0f,,1176468.0,1.0366245072529848e+16
2021-10-25,57bb969abafd311d191b08f4bba4bdb5ed23978b440ee25ce65fbeeb023e8e05,,1185043.0,1.0368952580963432e+16
2021-10-26,2080089d8d5edb0fb0fb3ff1b25cd47f73d3ce79980af7f31ab4ec384a2df3c0,,1193648.0,1.0371659809161548e+16
2021-10-27,7248a240f94ce4f3927a2a0534ccb006c318e948d9ce671dade1fe043d8dfb56,,1202016.0,1.0374368998353448e+16
2021-10-28,f733ac595112a9ae1e209a012eda2930cc34352181857af03fed4e5e46fc864a,,1210589.0,1.0377078377736984e+16
2021-10-29,ccbd4573a3f911f109fdeba99e208df2e02310cb72dbfb66fa5b5bacc54b5705,,1219164.0,1.037978813531445e+16
2021-10-30,7dd64d53a69819c728b6804f0f5f3456634869f848c6cbf24cf6827706bdbc13,,1227673.0,1.0382499180994056e+16
2021-10-31,cbdce2e4a5a51d1d04be4acf934f68499da2f7042971b2d6ff0224028276d8d2,,1236199.0,1.0385210393334886e+16
2021-11-01,23e985db4957158712ba05dd7ecf933575752fdcfcec15eb5c27666088208159,,1244680.0,1.0387922933715076e+16
2021-11-02,bf6fd1991a7edc9293d4936436949c6a995c856f0021c2c7402de9fb41e0a17e,,1253306.0,1.0390635664436998e+16
2021-11-03,4559d3789eeb3f2e061f423ede62577d4655f9a6f9137476512c1abea00dad55,,1261823.0,1.0393349331302044e+16
2021-11-04,9cb1235d9407bb4d12f350df1176516ac36e63aa3663fb7a6063197ec9946e55,,1270423.0,1.039606359691216e+16
2021-11-05,af5c592dfc141769bb33ad3ef321540243f304cfb8632e6c01b58702756bf2c5,,1278922.0,1.0398778767788088e+16
2021-11-06,c96439ffd50ede261ef3f60200ef05632df1ea8b167ac114e35694cb93075f15,,1287502.0,1.0401494294137428e+16
2021-11-07,551b0c672df84cbb787fb7fb254aad7cedef0c108a02ec7c3101ca7f46deb372,,1296167.0,1.0404210781170852e+16
2021-11-08,5a43559cee4711d8216abb385748bb90cc85e9e5cb97e72654fa8d85cce9e074,,1304728.0,1.0406927820388132e+16
2021-11-09,2ca68ed9d1b2460ecc75fbaa48a4d5dccc0ddc12dea2d1b8dbead70f8635e8b0,,1313245.0,1.0409645396121014e+16
2021-11-10,3a843415b532dbdd073d74319c50fb22d956d1a4cb81277138c5158ce0a1dec8,,1321795.0,1.0412364358080324e+16
2021-11-11,4767e27357fbf03b139633688ddee2f0f7ed2cd98f4e6a579f7f302535a71d7b,,1330366.0,1.0415083196078268e+16
2021-11-12,8738ee52c6ca55fd15806aeab05e32a16bb4952dc84946ac0873b8948845a6b5,,1339038.0,1.0417803649213588e+16
2021-11-13,c72289d8d04fbb9409843cf4d60d6e6da41fc7161a592904752cd045c8db643e,,1347711.0,1.0420524049220332e+16
2021-11-14,68098f40d4231d295f7ea833e88ef07f58a535cf6ff18f2c365ba1bc16b204d8,,1356300.0,1.042324560850582e+16
2021-11-15,60ec7a8d1bd5df77d44d70dce8255d1b6eec8e97c9d45aa0cb9fddbdad6e0122,,1364849.0,1.0425967910099136e+16
2021-11-16,f685807aaa2e925bb8b59f95983fc19c8de15d8ca9d90344dfce3607f5439a67,,1373379.0,1.04286907493419e+16
2021-11-17,92080f0a659acc0e479279a8dc7645c5f47c17a5df2cd50b5ba30f06d0a465b0,,1382115.0,1.0431414181455212e+16
2021-11-18,c12c5c8942b24bcfa9ece031fb04f2f3b3967d3561c2529b1926856d3a64d76d,,1390762.0,1.043413838785702e+16
2021-11-19,d71b2259f06f3c20814ebba51c3921fd06c981bc44588aecf19ed48fd99d1c5d,,1399295.0,1.043686342398264e+16
2021-11-20,2bdb16c5669403118ca0799102fd60c076ba1d360f3ddfd995d88caa2e760e48,,1407825.0,1.0439589116578884e+16
2021-11-21,74b7262fc8901473fbe31a201876573cdcd8a7738877a2592422c7089917da00,,1416514.0,1.0442315339550546e+16
2021-11-22,0a63bd8dcc616614b7f47930e07d90e5873199b8fca303a8ae067469383e3c73,,1425011.0,1.044504259802448e+16
2021-11-23,1cc25d76ff07783af354d551e13cf2ca21010ede150f4c878dfc0701f21c9206,,1433792.0,1.0447770442482972e+16
2021-11-24,6c0a8650eec3beb5bb4c50af1a69efbbfe5348191d3f4a34b2dff99c5a8c0d67,,1442273.0,1.0450498620339628e+16
2021-11-25,e092f89e4a7555315fe59d702b914154f37fac2546291c1659882e0b02c2dc3f,,1450933.0,1.0453228174033832e+16
2021-11-26,c7206222f6edad7c151375d8261bf7ac4fa0e4eb17f37d592f82cd443bed3d7e,,1459516.0,1.045595792714598e+16
2021-11-27,9b79b6e30cdf83de8299d3dc53c4467b3ac70bfcd1a174318168569705498bdb,,1467963.0,1.0458688337789466e+16
2021-11-28,08677b678d83de9d8d6e439543784071fc767e8f5ca549532b80d11eb370b0ad,,1476578.0,1.0461419801322048e+16
2021-11-29,57b263331da03ee9425185a628636ce784250d65d289a42f34cc8e552b3e5c63,,1485029.0,1.0464152081005332e+16
2021-11-30,f66a6db0f2daee2a987c4b8755f2c54556ff4396c2f4a003f448c8e7c51dc623,,1493733.0,1.0466884512798304e+16
2021-12-01,1ed82a71a465ecc45ad8b03f738f83d51f424fa6191dc4fbb01c48cbef2dfdc2,,1502325.0,1.0469618354215652e+16
2021-12-02,23d6f4c85c9e6bcb1e1ffa5cde2345adc37dd17d0a66d590dadb084610f8ee35,,1510918.0,1.0472352442843084e+16
2021-12-03,24ce41df62bf23877014d0323afc2dea4c061cd4eaead94f079b84bc067603da,,1519483.0,1.0475087474988264e+16
2021-12-04,17d30cf263e02d98b3a994d1b636f38aaa273f11eba320fd50b643e03a34a708,,1528094.0,1.0477822643514968e+16
2021-12-05,90f2973ffc51e17761fa2db8567ab229aecad31db834ec271bdce10f544e4ced,,1536617.0,1.0480559516071248e+16
2021-12-06,f16356d71ac36df51fbbfe4cffe7285a3503ebed0b78068a0bcb9c282c083661,,1545145.0,1.048329637479962e+16
2021-12-07,5a1a7930b6bc5535d9656c1f19915edcf2d2721814ae62a5c136dc55e23bc48a,,1553840.0,1.0486033964068066e+16
2021-12-08,9a31da98b9337805ffb3493800977a02d12c1b9009bd2a82b9a938f73f4f6dc2,,1562480.0,1.04887729814726e+16
2021-12-09,a9aad38bf6942a345aa8eba6de260fc5bc8f316d3325d49636d048c019eb7bc4,,1571151.0,1.049151232590082e+16
2021-12-10,7d6baf961fbed3615e1f55b465c074f01adf159b8e8fe28325f4e9a0b424d81e,,1579614.0,1.0494251751433096e+16
2021-12-11,c458a302f5bd13cd8bb0491969fd85f33a11ca3b3d489cb5b2d13839bea8340c,,1588153.0,1.04969927488203e+16
2021-12-12,739e2301d0486229e8b1ee15d30e4b83d0acaff13126aff2fb4bb533e503f0e3,,1596728.0,1.049973362120548e+16
2021-12-13,bd2e854b000d5612ec654fec68507bbb486857903d5f368a62897c3429b67d9c,,1605365.0,1.0502476224981332e+16
2021-12-14,f246ebbd916a28389b3d1de37ee6065161f2be595fc81fbade124b2de2995355,,1613869.0,1.0505218870466232e+16
2021-12-15,4dcb76be6988fd8e6542dc1e92528e1c47b3cfc9a6eb78a2cbad88b7ea331596,,1622451.0,1.0507962303628322e+16
2021-12-16,40f8b88f93bc05a90105748187066404890799d98b492146b803ebf13bb01584,,1630883.0,1.0510706731190576e+16
2021-12-17,9467a7af73fa4a92d22186eea9203342abc62a38f1048e2e6c40a58ae4fac7b3,,1639406.0,1.0513451629279556e+16
2021-12-18,47665a34a3f1ba54eb12d24cb2a974e5b38f07a892c49c397f73a0ba91daaac5,,1647936.0,1.0516197291879894e+16
2021-12-19,c852539cee7cb4f51bfee84bfe015c84e65eb9154fa52a03c5a4540bd2379cdc,,1656482.0,1.0518943711268376e+16
2021-12-20,b43ccf2fb06863b5b9bffa9d305117c5218146b6403368b61b9161e89b8aa1bf,,1665153.0,1.0521690895613228e+16
2021-12-21,07957430da9c548946754c0875506dd945cb035d44ed32eea5fbf96729bc2cd0,,1673701.0,1.0524438781523868e+16
2021-12-22,b248c8e2a7d12e60f14f7c5a8e89e1c1c67dad8c4e784b64044567d4acf74ee0,,1682211.0,1.0527187305543252e+16
2021-12-23,63990f5a2878016c33a29c918efe1657a06f46c44b9ce97681ed65ceb7e4af88,,1690731.0,1.0529936555313284e+16
2021-12-24,80b57c762dec03f5938585e4463552f7ebc3540a1033f2745ec0e9061d5d3217,,1699249.0,1.0532686650399776e+16
2021-12-25,e147ff96dc688121ed7fe0fcaba9d6c26b90a9e8532c77693f0285583e7e415d,,1707871.0,1.0535437248800428e+16
2021-12-26,db70419678d7c22021f13eee4d387d6fa39576879403edf0667c79dd983cc6ab,,1716501.0,1.0538188414232836e+16
2021-12-27,0be7d73f4ed44dc5ff6f2a2943417a476992ee672b7eab7ca916acfdef9d0265,,1725157.0,1.054094037773314e+16
2021-12-28,0b95fb5649602f34a2bf9556b213ec716b8b04b349315f03cdb85701b5c4f41c,,1733694.0,1.0543693657371268e+16
2021-12-29,ae3fb703d6752d86e0e7968ca94e916883eb983e9c5e778323333296026b5df5,,1742216.0,1.0546447050553252e+16
2021-12-30,9db880f47dd1d050cd10801e0cee0d0472040052df2a611316f7933dd63d8913,,1750919.0,1.0549201593173416e+16
2021-12-31,93afbb5ae23f1bdcc4dbf2ce56f67a50ddd2e4e4da467fe71136d4800d029a27,,1759638.0,1.0551956552267916e+16
2022-01-01,5fae3ef97d89b9c8dfe9ad3a994bd164c7bcc38d039740d4a460774f317e352e,,1768160.0,1.0554712294627444e+16
2022-01-02,9f03cf7152628440badfe3e41dcf3360d7dc37935347fcf6dda861a67390a557,,1776577.0,1.0557468716790676e+16
2022-01-03,64dacc632969c37135c2ab07bce921374a049b37d352e575a78c7ab55aec7948,,1785120.0,1.0560225691251008e+16
2022-01-04,82ebc51cca89f37458950e34bc26ffac1c017d389a4c613f39a620d8c3ed5bc1,,1793610.0,1.0562983808661862e+16
2022-01-05,721021597361b4ecfd732063480786c595157f87df74e71c18017cff82cb5dfc,230353395078644.0,1802184.0,1.0565742343078644e+16
2022-01-06,87149b02cdafbf0c79dbd2428ddfe5ce1db9e057767f9073b1b84baa4dda78d3,233112418318741.0,1810742.0,1.056850136631874e+16
2022-01-07,9e29eedb1eb5be45ec90ad77c28e053caef5f61771f73e8384e65658f73307f9,235872521448289.0,1819267.0,1.0571261469448288e+16
2022-01-08,8c147708f515af219a24e99fb63a14d4248664136f01e3a27366b41c32e924c6,238633377372668.0,1827816.0,1.0574022325372668e+16
2022-01-09,1d7a8dff579e6ffd8f9ae3cc09af9382ea320af8c2ce7f29c4f2eeade3f125a3,241394650663667.0,1836373.0,1.0576783598663668e+16
2022-01-10,0b3ddaa3b30cdd9f76e2493fe06ea5e72c3ac979d7fbc3ab54e4d996d9b5f31d,244157132633134.0,1844898.0,1.0579546080633134e+16
2022-01-11,33678b3017aa2d41d0459b6957a1cfe93911c59a05d57fab50298d9c94111292,246920168209105.0,1853318.0,1.0582309116209104e+16
2022-01-12,405721d70ebbac20a8182dbd3d14b97099c3b98178435247321454900fa7f81a,249682237880673.0,1861770.0,1.0585071185880672e+16
2022-01-13,187b6124e7d25c2888c032efe054bcd75e3db6ddb689e8b338941e9890883b8f,252447668413542.0,1870257.0,1.0587836616413542e+16
2022-01-14,d6b407310e6a74439e76bdd30766dfcc0916d623f226646026602819bae29e80,255213181283932.0,1878927.0,1.0590602129283932e+16
2022-01-15,f099923fe099185d5b44141911a073cd1983633f91df8958035fcd69c23d00b1,257979008294807.0,1887395.0,1.0593367956294808e+16
2022-01-16,a1a38576854090b733263678d1ea4b0bb5e067e3f08e6cdd2b6f8136745bc557,260745373485395.0,1895810.0,1.0596134321485396e+16
2022-01-17,ed1348807acd6b3fe2d9665c6474caf444716788ec8925f39ca8ee89d9ca08d3,263513021660248.0,1904352.0,1.0598901969660248e+16
2022-01-18,b38ed581e9e9a01207081142fc9c4482eea0349dda0218cf4c76b6a48ef8e00a,266280183178443.0,1912806.0,1.0601669131178444e+16
2022-01-19,c698a7fc803a87bbcc9facffe9c2b29a60774c7e3e137ec12d7b17f8a00cd61a,269049637569354.0,1921321.0,1.0604438585569354e+16
2022-01-20,f8f90a9d840e816fcfc648997824d6dc83a2688456532999a745766bc346d981,271819013974631.0,1929869.0,1.0607207961974632e+16
2022-01-21,29df9f4e1606019caa83c19ec2ba9ad2b2c3d50ae6b4aa9c05665816ed2d15c0,274589121626292.0,1938324.0,1.0609978069626292e+16
2022-01-22,b094e2756310ff8c8e2df5e0ff0e110f1832c2f5bc0eae4998ee63ebe3bcf7a8,277360024868582.0,1946680.0,1.0612748972868582e+16
2022-01-23,df14266e8e74d2ea8fef82ff1dd40149a40443c268d157e50485eb2d4a23a415,280131756029849.0,1955109.0,1.0615520704029848e+16
2022-01-24,17976349d42029dc704ae46532dc17d11eac6d7464be10fcc6ba296d62889c5a,282903898193852.0,1963593.0,1.0618292846193852e+16
2022-01-25,5ab68dc20374dc392d478a2320cf81d915bcccf6e75f0c5ff6af0e457df771e6,285677101323112.0,1972132.0,1.0621066049323112e+16
2022-01-26,c46aabdda40f66fc8a639d933eba2c9969e47419c3b28b7aa675d578e9cd5c75,288450828060625.0,1980753.0,1.0623839776060624e+16
2022-01-27,273e2320caa193e5b311c31ec76e602854a64bc7c5bf8e52f72dd13eae808a19,291224371876371.0,1989165.0,1.0626613319876372e+16
2022-01-28,ee8aed5da2f7253873b26f08992345071cc00315331e1935a4d7bd024bd5e3c5,294000157674071.0,1997707.0,1.0629389105674072e+16
2022-01-29,64a1e5c305b85da5210eae85361ba81151db4511429ba52fc05956a4aece8a5a,296776058005568.0,2006102.0,1.0632165006005568e+16
2022-01-30,d2327a93ab0dca63a8d27e2f5835acaa1b13a45e4372ed96b5de509f7c9aa941,299553189503239.0,2014578.0,1.063494213750324e+16
2022-01-31,f43ee4cd085e64bfab3a7c9e8de526dd091b4621bc58c6aafca38269923bcc0d,302330435540030.0,2022873.0,1.063771938354003e+16
2022-02-01,46ccb50ea1880fc7de363e12ed9522ed6d18c8f553025faf5364408d419257d8,305108342519779.0,2031235.0,1.064049729051978e+16
2022-02-02,716a09e2e1676fa43bf4d55bc13df4a551ef0dcfe88154a9d21eafd6eee9753d,307886781914299.0,2039569.0,1.06432757299143e+16
2022-02-03,a61dcad122c1b589e8f4ee8875c22d81bfdba5cf1b1c834b8ae93eace7f3ca03,310666550098204.0,2048010.0,1.0646055498098204e+16
2022-02-04,ee639748a1ca91d5bfc1d404074a973d30f6e2911d0515b1230628b451903dca,313446891418781.0,2056609.0,1.064883583941878e+16
2022-02-05,962cd6e3d0333e5266c7cde024020da44617edc66e752c1e42f3803a8bec27ff,796812801577915.0,2065079.0,1.0651617027577916e+16
2022-02-06,551c94f6482260834fb04a7a1ecee7ae213299489121dd3bffe843b140eff31e,799594989811924.0,2073679.0,1.0654399215811924e+16
2022-02-07,399e0ece9dc6fbb2b78f3690739a3727631447cb7c720d4df1050845933574bc,802377518243820.0,2082352.0,1.065718174424382e+16
2022-02-08,9ee3e899525644d379e1185963ce908a94ed69228cc1c1ade8fedb5727833e1c,805160531738180.0,2090768.0,1.065996475773818e+16
2022-02-09,285168115ee27dbc7367b1d5c261a424518c80f3de261f93cc673218b6e0f2ba,807944392834201.0,2099217.0,1.06627486188342e+16
2022-02-10,09f3172d57e06519d7a4441708e5b0ad9ef4a92b23c1273726ced3efb7177f5e,810728497427398.0,2107797.0,1.0665532723427398e+16
2022-02-11,72565378b3787242840854114cd4552cee196e80fc4a26251f11d38d97b89016,813514521938517.0,2116387.0,1.0668318747938516e+16
2022-02-12,daa6ed54a11ef88b13aabea9d21ddb4ca3a1d6dc99f7aa15f53892c6d647a022,816300798507221.0,2125027.0,1.067110502450722e+16
2022-02-13,76b947a8c088c01f560284c83dc9c704402d2545d71f4ca2404698c2b5bdcc1b,819087238237671.0,2133609.0,1.0673891464237672e+16
2022-02-14,fb4a1778f7859073e036e3f410fb67c5d216712700c20b5a99cdf9cedfacc876,821875010584050.0,2142076.0,1.067667923658405e+16
2022-02-15,1ec0f255973d904b324098317d7c92c545f45699e70e6aef904c81cd4303f60c,824662776748527.0,2150467.0,1.0679467002748528e+16
2022-02-16,ff407b66182c532ab04fc1e48f501aa7fd8e7266b32b995c0cfeb3cb3c6fe5bc,827452546063371.0,2159024.0,1.0682256772063372e+16
2022-02-17,e4645339e056a275dbed37bc6ad21f52c4721f6a2ea0c19fdad3fa7a846ae13a,830242293329019.0,2167530.0,1.068504651932902e+16
2022-02-18,35d86b45aa0c5cf13f392ba29059d1bd90b4baa2091e1597fc10e7bf4584ada4,833032720704819.0,2176072.0,1.068783694670482e+16
2022-02-19,bb4182866d005b8b1e813153fbb27fde5379eb6c1accfac183e0f3a44873defc,835823981815188.0,2184744.0,1.0690628207815188e+16
2022-02-20,654e2d303fbcae040dcb2da3a097f7a9d700913d0176dc5ab8bb44eb4815ab73,838615939579664.0,2193223.0,1.0693420165579664e+16
2022-02-21,23d8d3329755a4291d6ba49da13ca25e7d843b705b01aa77782b95e5d0cdf7f5,841408440611047.0,2201856.0,1.0696212666611048e+16
2022-02-22,489a53fdb0d032dc692e5bfb991303468bc390a97048757d895f7f49bcf2ce76,844201856809403.0,2210292.0,1.0699006082809404e+16
2022-02-23,8e82893910f7eb8f0c22a6afd636f8a7dbf646d101d548bb216ec6e3f3ae3d78,846995743785143.0,2218631.0,1.0701799969785144e+16
2022-02-24,53914c8cc54180819d4921ae293982b638827aba21e38fbb1ff5d95d0b2e7d64,849790780920818.0,2227153.0,1.0704595006920818e+16
2022-02-25,3e86b63e4b1972b4c1974feffe4e19ee0a08f25d1cbc6ab76b6f491ef1d2ebbb,852586523778505.0,2235663.0,1.0707390749778504e+16
2022-02-26,c8953cb741448453477fd823e5131207a32f67566f8dc1231dbf42e8f9745590,855382673116296.0,2244125.0,1.0710186899116296e+16
2022-02-27,b97f9b6aca8ddabdc0fa13aa8fe2ee337f37513cbb7976b67efc321e01c04234,858179698344807.0,2252629.0,1.0712983924344808e+16
2022-02-28,0e6aaf7dd891c825ad8a7fe51ad3666cbc9853bc4f400cef8f7d15f2a24461e4,860977332584893.0,2261321.0,1.0715781558584892e+16
2022-03-01,c2997c72aeb75aa211fee10223adef8c5f163ee811e733810daea16119fdc792,863776078045307.0,2269719.0,1.0718580304045308e+16
2022-03-02,3df3cc768144e101fcfb6925d00fb6f168ee87750bce3bacd32ee52b68566cbb,866575084640027.0,2278223.0,1.0721379310640028e+16
2022-03-03,8b3d8ff7bb10f389baf2bb109a37f23113e90fcedd333610fb446e5c3a752f15,869375381251320.0,2286580.0,1.072417960725132e+16
2022-03-04,93c7259b7910c4ebb6dcdfc768f805f19b4f7e949aff94c55ee67aae7e9a4e97,872175428568278.0,2295147.0,1.0726979654568278e+16
2022-03-05,fa2a08668ccbe8ee854af8350c86bccbe8217da61949822bf8609e6661abbd85,1223494470351062.0,2303582.0,1.0729781446351062e+16
2022-03-06,ea175380a754e400675d2148d225afb62c2a37f35f4109ee9ee1dbcaba354e20,1226295461302013.0,2312144.0,1.0732582437302012e+16
2022-03-07,18be907e91e4c1553e2fb4c02ef17a337bbd0e68053eced0f2cbd7e86d05e136,1229099843952337.0,2320572.0,1.0735386819952336e+16
2022-03-08,16e98354e81d4ebe16ea320c19d8eb7d69ffef02a5a4e0670d8afe72f3a1ecca,1231903312353483.0,2329051.0,1.0738190288353484e+16
2022-03-09,5a8f05362184aca2757db9142dd0c80dd8536c2e3b7b541c80b540bca8dcbbb8,1234707731979578.0,2337446.0,1.0740994707979578e+16
2022-03-10,81513a49e08407ac8050b36606c0f629b1df120ace3f9f3aabe5cecc4cbf87f1,1237512737898997.0,2346001.0,1.0743799713898996e+16
2022-03-11,5ca317a3e002ca69e463070a5e1a48d72e14d26ae1298bf347e73952a392bef6,1240318257110652.0,2354422.0,1.0746605233110652e+16
2022-03-12,d476991fc3c51630c7e139ce6361d3d7dc705373194d04a6c0f3dc4536e7cf84,1243125337358422.0,2362907.0,1.0749412313358422e+16
2022-03-13,ef47262888d24be033ce46bb3508dcca08cc828190f95823b2d53e86d7513974,1245932655268043.0,2371538.0,1.0752219631268044e+16
2022-03-14,c08b471e76dcf47ab2c987ba3c4db25daa48f0138d5b6c464084ee02562c789e,1248740275651929.0,2380058.0,1.0755027251651928e+16
2022-03-15,48b31ba1c8abe1159d27f274ae8bd05378e7d050300c1ffa6c30b1663ff06d9d,1251549360705283.0,2388560.0,1.0757836336705284e+16
2022-03-16,2d4d612f9b13b9df6cbc7c2b655c8423b7676e8dfded7e2cee76cba196982984,1254358854242930.0,2397082.0,1.076064583024293e+16
2022-03-17,134d9846e70645e92ed8f8a0b18dfd82b4831f9c136c10670b6606a3104aeb17,1257168561021570.0,2405700.0,1.076345553702157e+16
2022-03-18,bed6a00475c840e281edf5dad0fc34d70cf979f3c54f6767f68cb9cc913d347f,1259980148424164.0,2414144.0,1.0766267124424164e+16
2022-03-19,54f9c691151455f6549ab2bbb0f88091288a5ffeef3ecee68fda746b18176ec9,1262791827454925.0,2422638.0,1.0769078803454924e+16
2022-03-20,743ae90d95c382cd4de38c69d6c0c84a5f35453883cc01f10e477ed5eff56902,1265604021023808.0,2431201.0,1.0771890997023808e+16
2022-03-21,291aa4001c215872aa971e518d4c1cd0d783d725bd61aa42b77f2d42db1faf22,1268417282738793.0,2439833.0,1.0774704258738792e+16
2022-03-22,d4c09ae01c9f7c2b9f575059d615b57f78690ce50cfeeebfe1bcfcadb40c8c2a,1271231246612210.0,2448279.0,1.077751822261221e+16
2022-03-23,1b3b2966ec591615773cb65ee1e40db743339b4203ba256caf2806a7c3bbe2a2,1274045806922097.0,2456843.0,1.0780332782922096e+16
2022-03-24,7d7544f49c835ca7b7148bbc0a8d8586adc4b7c2f5d5f024477bdfb978cad743,1276860841541119.0,2465330.0,1.078314781754112e+16
2022-03-25,35b9ee8b27ca10e4790846d5ca1f194595930a367f25a5f9c02b0c0cf3ca0100,1279676839427728.0,2473902.0,1.0785963815427728e+16
2022-03-26,30112bb3d19b435ecc73321511a2713736090acb4cd1b1ef249e8d415ff34354,1282493678678035.0,2482385.0,1.0788780654678036e+16
2022-03-27,183092d344ea0ac2f5a239e6310033400f7d5ad8b73911fd1f1a7f134d2996ea,1285311816178213.0,2490942.0,1.0791598792178212e+16
2022-03-28,e5fe9d7311af36a8f4d0ae30eaf2c8045035893b60813ac0fce06909e2876f4e,1288129760031621.0,2499633.0,1.079441673603162e+16
2022-03-29,b63b4e9077cc63e1d5075706da5ca5c74c6d1af2a4b1e3bf36b1c6622552fab6,1290948798670706.0,2508166.0,1.0797235774670706e+16
2022-03-30,4ad8895965d53dddd65235e71eed269887f7adea874f0f88037322ad79689b53,1293768581681959.0,2516574.0,1.080005555768196e+16
2022-03-31,e2c242916979704e851be2fe3ba29ae9ff8983cb639865f2b80522d15636b337,1296589003154285.0,2525185.0,1.0802875979154284e+16
2022-04-01,4b9fecb17a84365f79df025d25df777d6b1515b7139cbfb42d11fda5d2a0079b,1299410430602241.0,2533633.0,1.080569740660224e+16
2022-04-02,b004095a32bdb56d12943e5ae6501271dc678c796afaa7a12d0d4e7f58f5535f,1302232537767127.0,2542253.0,1.0808519513767128e+16
2022-04-03,1a0fb496169ed7fdf1f9d1e4879fc7e3b56bb875d02008dfe3060ba13e8ca821,1305055398314744.0,2550838.0,1.0811342374314744e+16
2022-04-04,36112c873db94210a1575c0dfdda5c8436c2cd5567ed9815d32be8b68d5f07ef,1307878914400538.0,2559451.0,1.0814165890400538e+16
2022-04-05,43f4e5f2507171b5de8b251c3516eb0637d6590aa24f0ad56955af3800ce122e,1659220239077616.0,2568090.0,1.0816989964077616e+16
2022-04-06,32d6213d82193350b56d4b1f7e3b43d97fb6717e5dbbea5423fb044ba157e1b4,1662045287327224.0,2576513.0,1.0819815012327224e+16
2022-04-07,02f42fdb9bd57393d77bbdf03d722cb6eb8a862dbdb60a076f7f318d1aa8b31c,1664870468273615.0,2585076.0,1.0822640193273616e+16
2022-04-08,1dcda535aa8ca024bc9d2d90624e97f15de7ac6d6457c241433f967dd4d4be86,1667697286637540.0,2593627.0,1.082546701163754e+16
2022-04-09,7fa53989d3552e2a3a29b9a1dac2faa41dfedc32676a12e0cece33648124005d,1670524156106386.0,2602053.0,1.0828293881106386e+16
2022-04-10,a85e210cfb8d4ce52357c6c4f36cd45abfbe3c2117a893ea4cda882f886c422e,1673352377532107.0,2610574.0,1.0831122102532108e+16
2022-04-11,021b76e0ab9158e6bbc6b34d9e38874a06c12b73b000bc7ac447675b1d9841c2,1676181157568726.0,2619040.0,1.0833950882568726e+16
2022-04-12,7b3d3380a526130889977b794c2001ec50f15835ea4c354d0039c3e58166339c,1679010160563827.0,2627858.0,1.0836779885563828e+16
2022-04-13,49e32b6d533ab47a733fdc0db696e41bdcec83475cfac0e3206c8070f8472a4f,1681840139790452.0,2636372.0,1.0839609864790452e+16
2022-04-14,f7a99fb158904c93cff7d98eac86f5768d02a07331a1693b4f351e9b514a4cf2,1684671243086904.0,2644781.0,1.0842440968086904e+16
2022-04-15,85e894a30ed825513e584335871a09d5050f63241700f1034b7b115114116e5c,1687502872762182.0,2653349.0,1.0845272597762182e+16
2022-04-16,cf37ea0dc4672c05ca1f3868a4b999c304da46fa77f8da8f95291ed2d1bde7aa,1690335389486896.0,2661840.0,1.0848105114486896e+16
2022-04-17,5eb767852a8ad375aef3a151cf1a57735d56da70059a5f9e47c42da5c649e9f5,1693168088489785.0,2670440.0,1.0850937813489784e+16
2022-04-18,c242d0c112e9479fa5682332d8c52bc11fd412067e2312ec8f488f87d82be6ea,1696002224241398.0,2679020.0,1.0853771949241398e+16
2022-04-19,05bfbd42fd11382a0813a10a29b9ca0d2768c5d1b0ba1260bdab4d33b98e3160,1698836821337369.0,2687553.0,1.0856606546337368e+16
2022-04-20,cfaa6fcaa7a2a0780ffb90c381815498ac05014173756e461b4f37937f91c315,1701672084878285.0,2696182.0,1.0859441809878284e+16
2022-04-21,3ccc84c9af23a32fedf4bcec7244dfc20e90cdbd7a1dd46b5be095dda2aca648,1704507202489566.0,2704563.0,1.0862276927489566e+16
2022-04-22,7ad6fb4297b5bf863c68c5cd3ba035828f03db34d04fec57b2ac6caacee79f75,1707344718558030.0,2712993.0,1.086511444355803e+16
2022-04-23,bb1c4e1cbb8688a28cb7aa54aa3e410011aae37c596afa2330a8f43fbb823bf6,1710181735930840.0,2721237.0,1.086795146093084e+16
2022-04-24,6ea79d6f074a0e7953ad5e3909b6e76184ac5323790d183027a0cc53b4fb6c88,1713020520784947.0,2729595.0,1.0870790245784948e+16
2022-04-25,434fccaef8e476870807024d905a9dcb81c4a56c364c4f741265fe0dfcf01647,1715859398105321.0,2738021.0,1.087362912310532e+16
2022-04-26,6ba012abf8361e038bbdf0080733d5c134d2c5f4655aff005a5d2d73a6b629f5,1718699386596114.0,2746324.0,1.0876469111596114e+16
2022-04-27,acc839c46ae1b718820a067e686d04fc1232452fea8fbbf41f91b66e8d5151c6,1721539837357388.0,2754616.0,1.0879309562357388e+16
2022-04-28,3747e3ffdd5a6ce913b8e845ed621ed3bf57cb87538052385941acbf5f87ac24,1724381087473678.0,2762984.0,1.0882150812473678e+16
2022-04-29,2c6d039de612492dcaf99c11a2b1afd43e4018a01a268e275f2f87055ac99f52,1727222619050599.0,2771354.0,1.08849923440506e+16
2022-04-30,e2bd347f6af72e43c29859a50a4fd1e8a50cc84bec95a582eeae7ed1bf188734,1730065707026005.0,2779872.0,1.0887835432026004e+16
2022-05-01,9473548c98a6a42da510446360658e53810514b0de8a100b88c021641bfba169,1732908492561023.0,2788340.0,1.0890678217561024e+16
2022-05-02,dc92a9d058d1c4cd551f3e1e11cba89bb4218ef7e7294a80596760e0f3c84b9d,1735753337264802.0,2796863.0,1.0893523062264802e+16
2022-05-03,0c1eb72e68df06b2246b038d5614b687bd5f9d62ec2cdfc26911aa840dbde8bd,1738597854813283.0,2805299.0,1.0896367579813284e+16
2022-05-04,d8117ae73a1e3939350eb174069df674901ed1ed7b847528c94e11a006aaad56,1741443699813104.0,2813768.0,1.0899213424813104e+16
2022-05-05,4532f89025c215b8d6627ec9860a1ec9dc4d0b01dab854c8c6486352dce03080,2092807637919710.0,2822356.0,1.090206011191971e+16
2022-05-06,d3fd1569e7a3d2eab50b214fe62df2ee3f95ae7902d82e45ee097320399c888c,2095654442339042.0,2830780.0,1.0904906916339042e+16
2022-05-07,a91dfb9c41f27c11a565ee5314727022b043ea08af962bd38d9c63958785b35e,2098502715386216.8,2839226.0,1.0907755189386216e+16
2022-05-08,85b58b6fcb1a8b3c61692457528b5737805b13d41757ee00de6bf9b91f6eddf5,2101351328438560.0,2847869.0,1.091060380243856e+16
2022-05-09,3897a8b94a841b3b16512fba5a0bddd762ba49ae4a4b17f3cd2550a5bcb1917b,2104200743140916.8,2856257.0,1.0913453217140916e+16
2022-05-10,6787722a849bc4b4fbab76ed5164613e8c38aeb32fa887a9ce8c9773dfd39841,2107050737036935.2,2864742.0,1.0916303211036936e+16
2022-05-11,0a46b8106ad98386d03da31556ee838b98e90d6bd6d4f04d7d6b989b00402a46,2109901293691527.2,2873363.0,1.0919153767691528e+16
2022-05-12,50cd74bc48e075d8fd57f90e1461d6a99c3abcb6feddcb706beeba6b51033f19,2112753312657597.0,2881760.0,1.0922005786657596e+16
