date,total_supply,staked,unstaked,bitfinex,bitglobal,mexc,ascendex,kucoin
2022-03-09,10739951485.091076,8484483219.722828,2097184649.694867,151711314.036174,6572301.637207,0.0,0.0,
2022-03-08,10737147122.510395,8482297941.085897,2107622358.1158807,140658125.254392,6568698.054226,0.0,0.0,
2022-03-07,10734343266.845163,8473433425.596424,2114798704.7905345,139748111.409369,6363025.048838,0.0,0.0,
2022-03-06,10731539912.680878,8471747051.780325,2135250507.9070733,118162174.553522,6380178.439957,0.0,0.0,
2022-03-05,10728963828.416245,8468276000.801649,2142823403.713617,111467154.192469,6397269.708509,0.0,0.0,
2022-03-04,10726162608.816286,8465938225.244747,2141566423.670194,112237529.162585,6420430.73876,0.0,0.0,
2022-03-03,10723365389.129969,8461831915.886394,2138770747.9305103,116303935.861829,6458789.451233,0.0,0.0,
2022-03-02,10720565565.336586,8459284124.195578,2138255432.5772345,116503910.890751,6522097.673023,0.0,0.0,
2022-03-01,10717777083.665386,8454515307.588204,2137313558.6433768,119424859.70641,6523357.727395,0.0,0.0,
2022-02-28,10714979049.79366,8447103418.037254,2141585127.5657408,119743712.640368,6546791.550298,0.0,0.0,
2022-02-27,10712181837.743671,8443217089.8701315,2141741376.506312,120662517.470241,6560853.896987,0.0,0.0,
2022-02-26,10709384906.706558,8429652239.048931,2151259273.4579463,121910925.624218,6562468.575463,0.0,0.0,
2022-02-25,10706589533.109072,8435152091.538892,2141514645.860323,123300326.570832,6622469.139025,0.0,0.0,
2022-02-24,10703794271.043753,8430510883.239889,2142615752.4590983,124045166.20574,6622469.139025,0.0,0.0,
2022-02-23,10700998505.63747,8428351479.799882,2146333978.8617404,119638914.408075,6674132.567773,0.0,0.0,
2022-02-22,10698206323.56232,8424494483.168283,2146039914.4128983,120987919.410579,6684006.57056,0.0,0.0,
2022-02-21,10695414480.945368,8408927534.556971,2163546053.7911334,116154191.566543,6786701.030721,0.0,0.0,
2022-02-20,10692623617.202278,8405992620.16119,2173797681.019433,105994091.799312,6839224.222343,0.0,0.0,
2022-02-19,10689833111.84188,8403559387.519232,2177948601.442848,101352446.867321,6972676.012479,0.0,0.0,
2022-02-18,10687041839.907225,8395212049.791018,2187500402.2645164,97343498.99687,6985888.854819,0.0,0.0,
2022-02-17,10684251931.533216,8391395624.228969,2186905248.385188,98933252.46037,7017806.458688,0.0,0.0,
2022-02-16,10681463187.545095,8371174883.900013,2203940815.181084,101130959.047857,5216529.416143,0.0,0.0,
2022-02-15,10678673736.335829,8382701075.576,2187690334.1554947,103693938.96763,4588387.636702,0.0,0.0,
2022-02-14,10675886682.32786,8380074706.566751,2190148834.472627,101092514.694606,4570626.593876,0.0,0.0,
2022-02-13,10673097000.800243,8372042984.259172,2193872637.2924967,102602910.503171,4578468.745405,0.0,0.0,
2022-02-12,10670315577.58926,8367162215.663154,2206178193.5255494,92611577.761972,4363590.638585,0.0,0.0,
2022-02-11,10668074738.19,8359801895.841412,2203451212.777882,100480715.511533,4340914.059172,0.0,0.0,
2022-02-10,10665290978.48798,8277767418.253031,2287676699.396367,99528431.86941,318428.969172,0.0,0.0,
2022-02-09,10662604650.427755,8275177816.347702,2339883902.106225,47300613.592665,242318.381163,0.0,0.0,
2022-02-08,10659836386.945118,8262189445.579189,2379152250.912313,18494601.480449,88.973166,0.0,0.0,
2022-02-07,10657022664.961763,8247859761.39982,2409162804.588777,10.0,88.973166,0.0,0.0,
2022-02-06,10654240417.341925,9092500252.329796,1561740076.0389628,0.0,88.973166,0.0,0.0,
2022-02-05,10651458524.378044,9090011284.481762,1561447150.9231162,0.0,88.973166,0.0,0.0,
2022-02-04,10648677920.33477,9091948707.607094,1556729123.7545104,0.0,88.973166,0.0,0.0,
2022-02-03,10645904170.157894,9083777639.058945,1562126431.098951,0.0,100.0,0.0,0.0,
2022-02-02,10643124135.373478,9081527960.72393,1561596074.6495476,0.0,100.0,0.0,0.0,
2022-02-01,10640345800.27642,9074845252.681812,1565500447.5946083,0.0,100.0,0.0,0.0,
2022-01-31,10637567927.049805,8700522005.550104,1937045821.4996984,0.0,100.0,0.0,0.0,
2022-01-30,10634790651.993317,5875783385.8231945,4759007166.17012,0.0,100.0,0.0,0.0,
2022-01-29,10632014164.771776,5872606239.378022,4759407925.393754,0.0,0.0,0.0,0.0,
2022-01-28,10629238631.287228,5847314040.707241,4781924590.579987,0.0,0.0,0.0,0.0,
2022-01-27,10626463418.325533,5733466967.211443,4892996451.11409,0.0,0.0,0.0,0.0,
2022-01-26,10623689102.6375,5730415618.673574,4893273483.963926,0.0,0.0,0.0,0.0,
2022-01-25,10620914924.027708,5726636584.600781,4894278339.426927,0.0,0.0,0.0,0.0,
2022-01-24,10618141479.924498,5710176936.703309,4907964543.221189,0.0,0.0,0.0,0.0,
2022-01-23,10615369850.374825,5654293292.867593,4961076557.507232,0.0,0.0,0.0,0.0,
2022-01-22,10612598168.399635,5651249391.615746,4961348776.78389,0.0,0.0,0.0,0.0,
2022-01-21,10609827726.08552,5644233663.310962,4965594062.774558,0.0,0.0,0.0,0.0,
2022-01-20,10607057589.7683,5534933463.503998,5072124126.264303,0.0,0.0,0.0,0.0,
2022-01-19,10604322117.052206,5531449806.342611,5072872310.709595,0.0,0.0,0.0,0.0,
2022-01-18,10601555073.07902,5446771459.07005,5154783614.008971,0.0,0.0,0.0,0.0,
2022-01-17,10598787517.831604,5377177060.657926,5221610457.173678,0.0,0.0,0.0,0.0,
2022-01-16,10596020153.251802,5374486627.961528,5221533525.290275,0.0,0.0,0.0,0.0,
2022-01-15,10593252967.183235,5371420853.810156,5221832113.373081,0.0,0.0,0.0,0.0,
2022-01-14,10590486239.18436,5367460114.480585,5223026124.703775,0.0,0.0,0.0,0.0,
2022-01-13,10587723357.227833,5338040641.123726,5249682716.104107,0.0,0.0,0.0,0.0,
2022-01-12,10584959324.37658,5332404159.688833,5252555164.687748,0.0,0.0,0.0,0.0,
2022-01-11,10582196433.649977,5329061981.956541,5253134451.693436,0.0,0.0,0.0,0.0,
2022-01-10,10579436156.350178,5261183292.539865,5318252863.810313,0.0,0.0,0.0,0.0,
2022-01-09,10576678089.438728,5216334465.848975,5360343623.589753,0.0,0.0,0.0,0.0,
2022-01-08,10573917636.876398,5194658555.097105,5379259081.779293,0.0,0.0,0.0,0.0,
2022-01-07,10571156685.84686,5192196191.211396,5378960494.635463,0.0,0.0,0.0,0.0,
2022-01-06,10568397186.153131,4988180777.409506,5580216408.743626,0.0,0.0,0.0,0.0,
2022-01-05,10565637862.048248,4985702300.012802,5579935562.035446,0.0,0.0,0.0,0.0,
2022-01-04,10562879661.569944,4975298874.989124,5587580786.58082,0.0,0.0,0.0,0.0,
2022-01-03,10560122086.96343,4919976150.050367,5640145936.913063,0.0,0.0,0.0,0.0,
2022-01-02,10557364662.627497,4917494066.730517,5639870595.896977,0.0,0.0,0.0,0.0,
2022-01-01,10554608162.62709,4915005544.699063,5639602617.928027,0.0,0.0,0.0,0.0,
2021-12-31,10551852645.50149,4912525626.85207,5639327018.64942,0.0,0.0,0.0,0.0,
2021-12-30,10549097294.09779,4910045749.534773,5639051544.563017,0.0,0.0,0.0,0.0,
2021-12-29,10546343812.977734,4907567110.606969,5638776702.370765,0.0,0.0,0.0,0.0,
2021-12-28,10543590546.999523,5617205863.330068,4926384683.669456,0.0,0.0,0.0,0.0,
2021-12-27,10540837535.693876,5614728110.695965,4926109424.997911,0.0,0.0,0.0,0.0,
2021-12-26,10538085570.359478,5612251048.694355,4925834521.665123,0.0,0.0,0.0,0.0,
2021-12-25,10535334356.86498,5609775073.593953,4925559283.271026,0.0,0.0,0.0,0.0,
2021-12-24,10532583613.391148,5607299346.486088,4925284266.90506,0.0,0.0,0.0,0.0,
2021-12-23,10529831030.518211,5604824131.853162,4925006898.66505,0.0,0.0,0.0,0.0,
2021-12-22,10527083723.940886,5602344858.972014,4924738864.968871,0.0,0.0,0.0,0.0,
2021-12-21,10524335607.8938,5599871330.002642,4924464277.891157,0.0,0.0,0.0,0.0,
2021-12-20,10521587559.079935,5597397929.038594,4924189630.041341,0.0,0.0,0.0,0.0,
2021-12-19,10518840921.833937,5594925820.166887,4923915101.667049,0.0,0.0,0.0,0.0,
2021-12-18,10516094937.63675,5592453755.248272,4923641182.388477,0.0,0.0,0.0,0.0,
2021-12-17,10513349142.741236,5589982488.733937,4923366654.007298,0.0,0.0,0.0,0.0,
2021-12-16,10510604788.305964,5587495417.251241,4923109371.054725,0.0,0.0,0.0,0.0,
2021-12-15,10507860639.827618,5585025590.050866,4922835049.776752,0.0,0.0,0.0,0.0,
2021-12-14,10505117200.822989,5582522779.924787,4922594420.898202,0.0,0.0,0.0,0.0,
2021-12-13,10502375779.690384,5580039982.526736,4922335797.163648,0.0,0.0,0.0,0.0,
2021-12-12,10499633685.81683,5577571554.814944,4922062131.001885,0.0,0.0,0.0,0.0,
2021-12-11,10496893281.163376,5575104921.756375,4921788359.407001,0.0,0.0,0.0,0.0,
2021-12-10,10494152521.630083,5572638351.127934,4921514170.502151,0.0,0.0,0.0,0.0,
2021-12-09,10491412845.879726,5570172448.751722,4921240397.128004,0.0,0.0,0.0,0.0,
2021-12-08,10488673405.61756,5567706556.910584,4920966848.706978,0.0,0.0,0.0,0.0,
2021-12-07,10485935658.3109,5565242441.482541,4920693216.828359,0.0,0.0,0.0,0.0,
2021-12-06,10483192068.53009,5562762607.006228,4920429461.523863,0.0,0.0,0.0,0.0,
2021-12-05,10480454842.653824,5560298994.327631,4920155848.326193,0.0,0.0,0.0,0.0,
2021-12-04,10477718689.419453,5557836299.745802,4919882389.673651,0.0,0.0,0.0,0.0,
2021-12-03,10474985719.380062,5555373915.890549,4919611803.489513,0.0,0.0,0.0,0.0,
2021-12-02,10472252379.102207,5552913036.905925,4919339342.196282,0.0,0.0,0.0,0.0,
2021-12-01,10469518223.942526,5550451854.473533,4919066369.468993,0.0,0.0,0.0,0.0,
2021-11-30,10466785659.677977,5547991763.394013,4918793896.283963,0.0,0.0,0.0,0.0,
2021-11-29,10464050888.704058,5545457484.278703,4918593404.425355,0.0,0.0,0.0,0.0,
2021-11-28,10461319694.98158,5542998414.219114,4918321280.762465,0.0,0.0,0.0,0.0,
2021-11-27,10458588308.209984,5540539953.7262535,4918048354.48373,0.0,0.0,0.0,0.0,
2021-11-26,10455858770.770086,5538082317.847051,4917776452.923036,0.0,0.0,0.0,0.0,
2021-11-25,10453129281.711266,5535625727.36937,4917503554.341895,0.0,0.0,0.0,0.0,
2021-11-24,10450399770.28308,5533169015.587622,4917230754.695459,0.0,0.0,0.0,0.0,
2021-11-23,10447673712.251846,5530697419.493388,4916976292.758458,0.0,0.0,0.0,0.0,
2021-11-22,10444946210.14278,5528242034.491798,4916704175.650982,0.0,0.0,0.0,0.0,
2021-11-21,10442219002.768156,5525787333.55518,4916431669.212976,0.0,0.0,0.0,0.0,
2021-11-20,10439492831.818798,5523333750.248056,4916159081.570742,0.0,0.0,0.0,0.0,
2021-11-19,10436767170.997295,5520880632.347332,4915886538.649963,0.0,0.0,0.0,0.0,
2021-11-18,10434042615.566288,5518428348.899268,4915614266.66702,0.0,0.0,0.0,0.0,
2021-11-17,10431318387.450476,5515976468.573084,4915341918.877392,0.0,0.0,0.0,0.0,
2021-11-16,10428594913.421713,5513525316.579494,4915069596.8422165,0.0,0.0,0.0,0.0,
2021-11-15,10425871925.109522,5511074497.391391,4914797427.718131,0.0,0.0,0.0,0.0,
2021-11-14,10423150063.610882,5508624831.617687,4914525231.993195,0.0,0.0,0.0,0.0,
2021-11-13,10420428395.426212,5506175319.368928,4914253076.057284,0.0,0.0,0.0,0.0,
2021-11-12,10417707920.032566,5503726883.983413,4913981036.049153,0.0,0.0,0.0,0.0,
2021-11-11,10414987823.975609,5501278833.247489,4913708990.728118,0.0,0.0,0.0,0.0,
2021-11-10,10412268832.290184,5498831725.34428,4913437106.945904,0.0,0.0,0.0,0.0,
2021-11-09,10409549995.948498,5496384785.155246,4913165210.793252,0.0,0.0,0.0,0.0,
2021-11-08,10406832451.80487,5493938995.009239,4912893456.795631,0.0,0.0,0.0,0.0,
2021-11-07,10404115370.667809,5491493617.801329,4912621752.86648,0.0,0.0,0.0,0.0,
2021-11-06,10401398948.62622,5489048844.470507,4912350104.155714,0.0,0.0,0.0,0.0,
2021-11-05,10398682518.878004,5486603967.329549,4912078551.548455,0.0,0.0,0.0,0.0,
2021-11-04,10395967840.495602,5484160806.011927,4911807034.483675,0.0,0.0,0.0,0.0,
2021-11-03,10393253960.328764,5481718352.413521,4911535607.915243,0.0,0.0,0.0,0.0,
2021-11-02,10390540331.71116,5479276090.489714,4911264241.221445,0.0,0.0,0.0,0.0,
2021-11-01,10387827069.799229,5476834101.622339,4910992968.176889,0.0,0.0,0.0,0.0,
2021-10-31,10385114815.351637,5474393101.194942,4910721714.1566925,0.0,0.0,0.0,0.0,
2021-10-30,10382403402.823544,5471952809.908223,4910450592.915322,0.0,0.0,0.0,0.0,
2021-10-29,10379692595.469976,5469513107.129932,4910179488.340044,0.0,0.0,0.0,0.0,
2021-10-28,10376982696.22411,5467074183.619055,4909908512.605055,0.0,0.0,0.0,0.0,
2021-10-27,10374273794.883942,5464636220.224657,4909637574.659285,0.0,0.0,0.0,0.0,
2021-10-26,10371564349.22722,5462197693.494329,4909366655.732891,0.0,0.0,0.0,0.0,
2021-10-25,10368856961.05561,5459761028.149941,4909095932.905669,0.0,0.0,0.0,0.0,
2021-10-24,10366150056.788729,5457324874.733688,4908825182.055038,0.0,0.0,0.0,0.0,
2021-10-23,10363443524.054604,5454889008.840999,4908554515.213605,0.0,0.0,0.0,0.0,
2021-10-22,10360737687.018368,5452453756.23164,4908283930.786728,0.0,0.0,0.0,0.0,
2021-10-21,10358032619.853006,5450019225.516579,4908013394.336428,0.0,0.0,0.0,0.0,
2021-10-20,10355328374.746883,5447585380.9805975,4907742993.766288,0.0,0.0,0.0,0.0,
2021-10-19,10352624590.434437,5445151949.605537,4907472640.828899,0.0,0.0,0.0,0.0,
2021-10-18,10349921584.02652,5442719244.371422,4907202339.655098,0.0,0.0,0.0,0.0,
2021-10-17,10347219405.708738,5440287294.308526,4906932111.400212,0.0,0.0,0.0,0.0,
2021-10-16,10344517642.9085,5437855732.197677,4906661910.710824,0.0,0.0,0.0,0.0,
2021-10-15,10341816755.90985,5435424910.474281,4906391845.435568,0.0,0.0,0.0,0.0,
2021-10-14,10339116870.555954,5432995047.958068,4906121822.597886,0.0,0.0,0.0,0.0,
2021-10-13,10336417153.902857,5430565238.398452,4905851915.504403,0.0,0.0,0.0,0.0,
2021-10-12,10333717768.196669,5428135717.434393,4905582050.762274,0.0,0.0,0.0,0.0,
2021-10-11,10331019862.552605,5425707768.437754,4905312094.114849,0.0,0.0,0.0,0.0,
2021-10-10,10328322718.24408,5423280219.9528,4905042498.29128,0.0,0.0,0.0,0.0,
2021-10-09,10325626036.230087,5420853262.3549,4904772773.875187,0.0,0.0,0.0,0.0,
2021-10-08,10322930179.205166,5418426934.512607,4904503244.692559,0.0,0.0,0.0,0.0,
2021-10-07,10320234695.01551,5416001010.494526,4904233684.520985,0.0,0.0,0.0,0.0,
2021-10-06,10317540238.567757,5413575973.494685,4903964265.073072,0.0,0.0,0.0,0.0,
2021-10-05,10314846091.63592,5411151323.176596,4903694768.459324,0.0,0.0,0.0,0.0,
2021-10-04,10312153557.479126,5408728038.372013,4903425519.107113,0.0,0.0,0.0,0.0,
2021-10-03,10309461020.441055,5406304717.794436,4903156302.64662,0.0,0.0,0.0,0.0,
2021-10-02,10306769417.719725,5403882265.922979,4902887151.796743,0.0,0.0,0.0,0.0,
2021-10-01,10304078519.281546,5401460458.967567,4902618060.313979,0.0,0.0,0.0,0.0,
2021-09-30,10301388155.263851,5399039142.641948,4902349012.621905,0.0,0.0,0.0,0.0,
2021-09-29,10298698498.750164,5396618445.67311,4902080053.077054,0.0,0.0,0.0,0.0,
2021-09-28,10296009758.427471,5394198593.895142,4901811164.53233,0.0,0.0,0.0,0.0,
2021-09-27,10293321387.202751,5391779027.79035,4901542359.412401,0.0,0.0,0.0,0.0,
2021-09-26,10290633997.841415,5389360412.24738,4901273585.594035,0.0,0.0,0.0,0.0,
2021-09-25,10287946605.85308,5386941704.464042,4901004901.389039,0.0,0.0,0.0,0.0,
2021-09-24,10285260896.788103,5384524580.6985445,4900736316.0895605,0.0,0.0,0.0,0.0,
2021-09-23,10282575324.79584,5382107586.041273,4900467738.754568,0.0,0.0,0.0,0.0,
2021-09-22,10279891180.258572,5379691876.471602,4900199303.786969,0.0,0.0,0.0,0.0,
2021-09-21,10277206815.44304,5377275934.786131,4899930880.65691,0.0,0.0,0.0,0.0,
2021-09-20,10274523850.654337,5374861327.692249,4899662522.962086,0.0,0.0,0.0,0.0,
2021-09-19,10271840679.401686,5372446441.712391,4899394237.689295,0.0,0.0,0.0,0.0,
2021-09-18,10269159234.20847,5370033200.901413,4899126033.307056,0.0,0.0,0.0,0.0,
2021-09-17,10266478234.57384,5367620250.291795,4898857984.282044,0.0,0.0,0.0,0.0,
2021-09-16,10263797885.242464,5365207935.079972,4898589950.162492,0.0,0.0,0.0,0.0,
2021-09-15,10261117819.357405,5362795873.647983,4898321945.709422,0.0,0.0,0.0,0.0,
2021-09-14,10258438773.787754,5360384736.978694,4898054036.80906,0.0,0.0,0.0,0.0,
2021-09-13,10255760316.09851,5357974088.795811,4897786227.3027,0.0,0.0,0.0,0.0,
2021-09-12,10253082648.00008,5355564195.925154,4897518452.074926,0.0,0.0,0.0,0.0,
2021-09-11,10250406004.682426,5353155273.391038,4897250731.2913885,0.0,0.0,0.0,0.0,
2021-09-10,10247729230.47862,5350746115.242636,4896983115.235985,0.0,0.0,0.0,0.0,
2021-09-09,10245053750.93655,5348338311.15523,4896715439.781321,0.0,0.0,0.0,0.0,
2021-09-08,10242379275.59469,5345931220.02415,4896448055.57054,0.0,0.0,0.0,0.0,
2021-09-07,10239704599.412523,5343521029.776386,4896183569.636139,0.0,0.0,0.0,0.0,
2021-09-06,10237031412.953917,5341112320.943627,4895919092.010287,0.0,0.0,0.0,0.0,
2021-09-05,10234357959.70161,5338706222.108781,4895651737.59283,0.0,0.0,0.0,0.0,
2021-09-04,10231686000.90048,5336301403.178948,4895384597.721532,0.0,0.0,0.0,0.0,
2021-09-03,10229015044.194662,5333897692.831505,4895117351.363157,0.0,0.0,0.0,0.0,
2021-09-02,10226344521.64632,5331494114.263435,4894850407.382885,0.0,0.0,0.0,0.0,
2021-09-01,10223674512.837597,5329091100.261635,4894583412.57596,0.0,0.0,0.0,0.0,
2021-08-31,10221004806.129951,5326688408.252839,4894316397.877112,0.0,0.0,0.0,0.0,
2021-08-30,10218336468.259604,5324286887.150475,4894049581.109129,0.0,0.0,0.0,0.0,
2021-08-29,10215668663.36053,5321885888.832482,4893782774.5280485,0.0,0.0,0.0,0.0,
2021-08-28,10213001611.304049,5319485553.629801,4893516057.674246,0.0,0.0,0.0,0.0,
2021-08-27,10210334894.504925,5317085474.79145,4893249419.713473,0.0,0.0,0.0,0.0,
2021-08-26,10207668614.485348,5314685758.492635,4892982855.992713,0.0,0.0,0.0,0.0,
2021-08-25,10205004238.196695,5312287909.488725,4892716328.707973,0.0,0.0,0.0,0.0,
2021-08-24,10202339637.72816,5309889735.879536,4892449901.848625,0.0,0.0,0.0,0.0,
2021-08-23,10199675935.30227,5307492412.334746,4892183522.967525,0.0,0.0,0.0,0.0,
2021-08-22,10197012806.60382,5305095606.835778,4891917199.768043,0.0,0.0,0.0,0.0,
2021-08-21,10194350557.720716,5302699676.315208,4891650881.405507,0.0,0.0,0.0,0.0,
2021-08-20,10191687973.963753,5300303146.541704,4891384827.422049,0.0,0.0,0.0,0.0,
2021-08-19,10189027795.841198,5297909069.216297,4891118726.624901,0.0,0.0,0.0,0.0,
2021-08-18,10186367743.294268,5295515056.455481,4890852686.838787,0.0,0.0,0.0,0.0,
2021-08-17,10183708203.234177,5293121499.020354,4890586704.21382,0.0,0.0,0.0,0.0,
2021-08-16,10181049064.08236,5290728237.660494,4890320826.421865,0.0,0.0,0.0,0.0,
2021-08-15,10178390865.755732,5288333331.524116,4890057534.231616,0.0,0.0,0.0,0.0,
2021-08-14,10175733775.871317,5285942023.683963,4889791752.187352,0.0,0.0,0.0,0.0,
2021-08-13,10173077022.59152,5283550933.08472,4889526089.506801,0.0,0.0,0.0,0.0,
2021-08-12,10170420861.906357,5281160368.796807,4889260493.1095495,0.0,0.0,0.0,0.0,
2021-08-11,10167765499.601343,5278770558.895199,4888994940.706146,0.0,0.0,0.0,0.0,
2021-08-10,10165110661.99179,5276381177.4770775,4888729484.514713,0.0,0.0,0.0,0.0,
2021-08-09,10162456805.508568,5273992750.880852,4888464054.627716,0.0,0.0,0.0,0.0,
2021-08-08,10159803356.703655,5271604616.596264,4888198740.107391,0.0,0.0,0.0,0.0,
2021-08-07,10157150241.560877,5269216771.266151,4887933470.294725,0.0,0.0,0.0,0.0,
2021-08-06,10154498708.094296,5266830431.446475,4887668276.647822,0.0,0.0,0.0,0.0,
2021-08-05,10151847398.535624,5264444271.608416,4887403126.92721,0.0,0.0,0.0,0.0,
2021-08-04,10149197172.697617,5262059082.546705,4887138090.150911,0.0,0.0,0.0,0.0,
2021-08-03,10146547281.086376,5259674214.483628,4886873066.602748,0.0,0.0,0.0,0.0,
2021-08-02,10143897936.8725,5257289760.99305,4886608175.879452,0.0,0.0,0.0,0.0,
2021-08-01,10141249693.211235,5254906355.754437,4886343337.4568,0.0,0.0,0.0,0.0,
2021-07-31,10138601951.326397,5252523380.094811,4886078571.231584,0.0,0.0,0.0,0.0,
2021-07-30,10135954767.85736,5250140919.765659,4885813848.0917015,0.0,0.0,0.0,0.0,
2021-07-29,10133308479.992523,5247759266.014263,4885549213.97826,0.0,0.0,0.0,0.0,
2021-07-28,10130662422.22495,5245377779.392402,4885284642.832549,0.0,0.0,0.0,0.0,
2021-07-27,10128017378.337765,5242997304.150896,4885020074.186869,0.0,0.0,0.0,0.0,
2021-07-26,10125373100.028484,5240617406.047032,4884755693.981452,0.0,0.0,0.0,0.0,
2021-07-25,10122729339.629671,5238238050.152305,4884491289.477368,0.0,0.0,0.0,0.0,
2021-07-24,10120086900.35127,5235859863.7526245,4884227036.598646,0.0,0.0,0.0,0.0,
2021-07-23,10117444478.912785,5233481710.299704,4883962768.613079,0.0,0.0,0.0,0.0,
2021-07-22,10114802809.332134,5231104185.434563,4883698623.897572,0.0,0.0,0.0,0.0,
2021-07-21,10112161965.873554,5228727430.718491,4883434535.155064,0.0,0.0,0.0,0.0,
2021-07-20,10109521908.912086,5226351435.560642,4883170473.351444,0.0,0.0,0.0,0.0,
2021-07-19,10106882437.355804,5223975869.033835,4882906568.321969,0.0,0.0,0.0,0.0,
2021-07-18,10104243735.475414,5221601049.858073,4882642685.617341,0.0,0.0,0.0,0.0,
2021-07-17,10101605256.548227,5219226366.424957,4882378890.12327,0.0,0.0,0.0,0.0,
2021-07-16,10098967561.211945,5216852445.022422,4882115116.189521,0.0,0.0,0.0,0.0,
2021-07-15,10096331257.583033,5214479788.435363,4881851469.14767,0.0,0.0,0.0,0.0,
2021-07-14,10093695238.331123,5212107422.176279,4881587816.154844,0.0,0.0,0.0,0.0,
2021-07-13,10091059724.70522,5209735389.762776,4881324334.942443,0.0,0.0,0.0,0.0,
2021-07-12,10088425353.904116,5207364495.426354,4881060858.477761,0.0,0.0,0.0,0.0,
2021-07-11,10085791146.924175,5204993686.973669,4880797459.950506,0.0,0.0,0.0,0.0,
2021-07-10,10083157474.634571,5202623381.772106,4880534092.862465,0.0,0.0,0.0,0.0,
2021-07-09,10080524971.81154,5200254145.276041,4880270826.5355,0.0,0.0,0.0,0.0,
2021-07-08,10077892938.125006,5197885309.095801,4880007629.029204,0.0,0.0,0.0,0.0,
2021-07-07,10075262212.846745,5195517675.820451,4879744537.026292,0.0,0.0,0.0,0.0,
2021-07-06,10072630555.530825,5193149059.477973,4879481496.052852,0.0,0.0,0.0,0.0,
2021-07-05,10070001592.73635,5190783123.935044,4879218468.801305,0.0,0.0,0.0,0.0,
2021-07-04,10067372576.74478,5188417100.740103,4878955476.004679,0.0,0.0,0.0,0.0,
2021-07-03,10064744021.26794,5186051312.730173,4878692708.5377655,0.0,0.0,0.0,0.0,
2021-07-02,10062115839.249763,5183685913.224116,4878429926.025647,0.0,0.0,0.0,0.0,
2021-07-01,10059487746.875906,5181320523.3517685,4878167223.5241375,0.0,0.0,0.0,0.0,
2021-06-30,10056862913.81563,5178958335.60492,4877904578.21071,0.0,0.0,0.0,0.0,
2021-06-29,10054237046.15862,5176595028.734436,4877642017.424185,0.0,0.0,0.0,0.0,
2021-06-28,10051612033.101696,5174232544.370779,4877379488.730917,0.0,0.0,0.0,0.0,
2021-06-27,10048987725.517914,5171870665.041923,4877117060.475991,0.0,0.0,0.0,0.0,
2021-06-26,10046363982.024609,5169509338.979109,4876854643.0455,0.0,0.0,0.0,0.0,
2021-06-25,10043740528.208498,5167148153.625743,4876592374.582755,0.0,0.0,0.0,0.0,
2021-06-24,10041118574.657946,5164788522.977506,4876330051.68044,0.0,0.0,0.0,0.0,
2021-06-23,10038496933.927862,5162428992.525231,4876067941.402631,0.0,0.0,0.0,0.0,
2021-06-22,10035875892.375326,5160070115.672581,4875805776.702745,0.0,0.0,0.0,0.0,
2021-06-21,10033255808.084757,5157711970.692025,4875543837.39273,0.0,0.0,0.0,0.0,
2021-06-20,10030636345.677025,5155354455.016758,4875281890.660267,0.0,0.0,0.0,0.0,
2021-06-19,10028017231.878893,5152997236.99003,4875019994.888861,0.0,0.0,0.0,0.0,
2021-06-18,10025398356.93909,5150640185.654832,4874758171.284259,0.0,0.0,0.0,0.0,
2021-06-17,10022781140.940031,5148284727.172831,4874496413.7672,0.0,0.0,0.0,0.0,
2021-06-16,10020164688.817638,5145929964.972807,4874234723.844831,0.0,0.0,0.0,0.0,
2021-06-15,10017547724.21272,5143579689.427131,4873968034.785588,0.0,0.0,0.0,0.0,
2021-06-14,10014932920.144468,5141226449.25969,4873706470.884778,0.0,0.0,0.0,0.0,
2021-06-13,10012317591.229471,5138872726.399887,4873444864.829584,0.0,0.0,0.0,0.0,
2021-06-12,10009702995.206903,5136519557.676671,4873183437.530232,0.0,0.0,0.0,0.0,
2021-06-11,10007090658.048946,5134168445.727228,4872922212.321718,0.0,0.0,0.0,0.0,
2021-06-10,10004477816.267817,5131816862.275097,4872660953.992718,0.0,0.0,0.0,0.0,
2022-03-10,10742766963.942629,8499313943.360499,2095096119.4522936,141791249.475855,6565651.653979,0.0,0.0,
2022-03-11,10745572117.574968,8510060776.668016,2094600862.4208496,134344826.832123,6565651.653979,0.0,0.0,
2022-03-12,10748379016.07743,8512726002.77664,2094874153.0464468,134213191.910765,6565668.343579,0.0,0.0,
2022-03-13,10751186013.664043,8515911594.497241,2095159879.381816,133548871.44141,6565668.343579,0.0,0.0,
2022-03-14,10753993302.820911,8518200637.844455,2095278552.7504976,133946721.88238,6567390.343579,0.0,0.0,
2022-03-15,10756801044.33335,8522874646.958167,2094890073.184268,132480877.739579,6555446.451335,0.0,0.0,
2022-03-16,10759610567.190784,8525731862.43269,2098506939.9381568,128349929.369238,7021835.4507,0.0,0.0,
2022-03-17,10762405528.241913,8535117028.996634,2092075770.3248167,128176309.826482,7036419.09398,0.0,0.0,
2022-03-18,10765216763.60277,8537386192.908511,2090954370.7513504,129909009.307645,6967190.635263,0.0,0.0,
2022-03-19,10768027691.930662,8542600039.243957,2085769866.4773035,132640542.574138,7017243.635263,0.0,0.0,
2022-03-20,10770840178.440931,8544512451.3039875,2086252523.643386,132457959.858295,7617243.635263,0.0,0.0,
2022-03-21,10773653158.325638,8547660156.858186,2085667912.542583,132330676.151688,7994412.773181,0.0,0.0,
2022-03-22,10776466821.12923,8549979398.146757,2089346525.139913,131182427.990135,5958469.852425,0.0,0.0,
2022-03-23,10779281004.043713,8552331777.148756,2090015296.1185577,130974599.254777,5959331.521622,0.0,0.0,
2022-03-24,10782096594.34248,8558897250.343121,2086351029.3758152,130888829.448997,5959485.174547,0.0,0.0,
2022-03-25,10784911062.061504,8585194828.497044,2063866315.68858,129895264.84877,5954653.027111,0.0,0.0,
2022-03-26,10787730675.49699,8587615804.125664,2064049091.8995447,130111109.79467,5954669.677111,0.0,0.0,
2022-03-27,10790548267.303925,8590072828.812218,2059375723.325826,135094587.11877,6005128.047111,0.0,0.0,
2022-03-28,10793463195.074738,8592609993.198854,2054549648.470994,140123180.215575,6180373.189314,0.0,0.0,
2022-03-29,10796281963.316383,8627071437.98178,2024322733.98042,138707318.164872,6180373.189314,100.0,0.0,
2022-03-30,10799106335.402817,8630578824.197462,2018397584.7882736,143949454.487661,6180373.189314,98.740106,0.0,
2022-03-31,10801925219.144987,8633565494.24725,2018544633.768068,143620395.908261,6194431.229262,263.992147,0.0,
2022-04-01,10804746114.716295,8636072814.205784,2018918773.1368144,143559707.584429,6194555.797121,263.992147,0.0,
2022-04-02,10807568314.37792,8638912014.214779,2019574487.695028,142885921.888846,6195626.587121,263.992147,0.0,
2022-04-03,10810390722.171783,8641916378.207218,2019387963.591292,142916260.967387,6169855.413741,263.992147,0.0,
2022-04-04,10813210180.361916,8644772485.736942,2015831428.568195,142698105.120572,6364122.944061,3544037.992147,0.0,
2022-04-05,10815994399.223272,8651951888.68784,1996570911.15312,157589416.040906,6334971.419976,3547211.921431,0.0,
2022-04-06,10818819065.961073,8654735218.479168,1988579165.165433,164604504.692321,6404276.112323,4495901.511828,0.0,
2022-04-07,10821645580.192884,8673841699.367561,1962383935.179649,162314932.411503,6243574.666849,16861263.56732,175.0,
2022-04-08,10824472163.241112,8701450257.105238,1926641959.1453369,163166733.346839,6379909.60547,17344121.907044,9489182.131184,
2022-04-09,10827299535.3124,8703853441.529411,1926941061.1190584,163031817.793153,6191492.803976,17614504.344765,9667217.722035,
2022-04-10,10830126868.170227,8706466832.701952,1926759694.786747,163359179.920431,6144330.90509,17634466.219511,9762363.636496,
2022-04-11,10832955997.67632,8708780184.477898,1926260956.7516675,163765542.173005,6396772.384442,17689089.108169,10063452.78114,
2022-04-12,10835785115.787678,8711208910.338724,1927279992.7909136,163187386.371379,6415680.175821,17634718.195607,10058427.915233,
2022-04-13,10838615349.880026,8718008729.880554,1921764327.6861577,164117181.246436,6735317.417789,18282248.611509,9707545.03758,
2022-04-14,10841446236.737698,8727960152.67014,1915764033.9680493,162878877.673059,6736079.417789,18411257.22454,9695835.784121,
2022-04-15,10844277694.405754,8730435410.372417,1915968122.9271493,162734826.052144,6736220.917595,18493958.362327,9909155.774121,
2022-04-16,10846807926.61736,8732871116.707127,1916187352.4137323,162519828.081582,6722801.179377,18367390.649221,10139437.58632,
2022-04-17,10849640779.464722,8735314077.362507,1916332642.2566853,163109274.477067,6670526.603071,17864518.549071,10349740.21632,
2022-04-18,10852475082.59484,8737330094.224564,1915613776.841997,164153095.655379,6418959.697921,18007724.702931,10951431.472049,
2022-04-19,10855309632.619017,8739301401.49065,1916106642.7927527,164566955.374388,6418959.697921,17980311.809403,10935361.453901,
2022-04-20,10858144630.84822,8741858616.200485,1914362752.7257147,166643027.996613,6431743.24334,17732682.047109,11115808.634959,
2022-04-21,10860979143.990543,8744183668.759743,1915113457.6096115,166311071.105325,6402349.47505,17710578.086082,11258018.954732,
2022-04-22,10863817042.054058,8746953533.68249,1914824612.2009928,166081050.897499,6402349.47505,18059195.843295,11496299.954732,
2022-04-23,10866654760.206966,8749831076.71579,1915695242.8323488,164780776.308988,6462567.695984,17910748.412886,11974348.24097,
2022-04-24,10869493026.767366,8752412560.106157,1915391562.525453,165352081.649818,6618622.403689,17750863.433189,11967336.64906,
2022-04-25,10872331961.689892,8755066546.4403,1915130375.2288349,165364311.647846,6484401.162886,17770952.372725,12515374.8373,
2022-04-26,10875171637.603855,8757950010.375849,1915134279.3966024,165132067.027037,6484401.162886,17779004.554183,12691875.0873,
2022-04-27,10878011782.107662,8761076385.029465,1914690048.8471715,165298674.6142,6484401.162886,17770295.6607,12691976.79324,
2022-04-28,10880843074.713331,8764160441.073792,1914800339.7576344,164702280.541092,6634613.474207,17837572.420059,12707827.446547,
2022-04-29,10883660164.182495,8766523228.583525,1915132632.826624,164710071.829659,6690490.87937,17750013.753139,12853726.310179,
2022-04-30,10886502752.693989,8768961261.063057,1915636672.107584,164599278.892985,6758074.457072,17554996.388089,12992469.785202,
2022-05-01,10889345487.243486,8771262801.573627,1915950438.0529869,164814454.102244,6680557.948322,17544097.812532,13093137.753774,
2022-05-02,10892189815.88746,8777327195.42008,1915618723.4512987,161898387.661097,6690394.815502,17570875.71958,13084238.819901,
2022-05-03,10895035095.980331,8780022667.771101,1915272978.9236927,161834037.356892,6988006.523163,17602865.476462,13314539.92902,
2022-05-04,10897880741.275652,8785515799.710037,1912237800.3251808,161918829.39858,6954375.483064,17710965.757729,13542970.601061,
2022-05-05,10900619835.379011,8788212730.47446,1896162227.0855875,177883942.083718,6954375.483064,17743918.371122,13662641.881061,
2022-05-06,10903466751.087004,8790483483.408203,1895079154.0175176,178347128.247881,7368682.00192,17994340.115421,14193963.296061,
2022-05-07,10906314470.003994,8792901532.679821,1895359371.862948,178281125.717585,7321641.717633,18091538.347924,14359259.678083,
2022-05-08,10909163344.157774,8795866590.792915,1895337876.1909533,177874391.59541,7316803.888839,18212733.24939,14554948.440266,
2022-05-09,10912012494.248735,8802166152.513233,1891669112.0397675,177580977.014641,6349279.112704,19117112.846811,15129860.721579,
2022-05-10,10914862581.62806,8804423215.517399,1882606929.4285088,187886672.936135,6219696.417944,19208310.988604,14517756.339468,
2022-05-11,10918213376.358631,8806834214.744574,1878314403.9600835,192369422.184876,6181045.584973,19611508.580189,14902781.303938,
2022-05-12,10921055096.57092,8809260706.002258,1873850744.7628648,193428970.463868,9026464.768389,20582141.784012,14906068.789529,
2022-05-13,10924124101.109491,8811977080.340416,1874250871.8006823,193636885.338594,8849281.650633,20663493.623991,14746488.355177,
2022-05-14,10926977032.529406,8814092616.627422,1874067376.647761,192692321.445306,10102414.535925,21119319.697457,14902983.575534,
2022-05-15,10929831104.071922,8816432941.92323,1874229568.705085,192326414.114405,11161871.963238,20718506.548308,14961800.817657,
2022-05-16,10932685319.48324,8818824554.222158,1874688014.4302373,191495936.635073,11923049.530756,20689586.33507,15064178.329945,
2022-05-17,10935540441.208546,8821514679.910875,1873331898.7448945,192984357.029434,10496940.67005,21586571.560457,15625993.292835,
2022-05-18,10938396462.688494,8823840273.404308,1871235575.4903045,196007251.58235,8800803.372987,21778619.233484,16733939.60506,
2022-05-19,10941253635.14723,8826587353.000751,1871664998.2894783,195655983.316184,8716437.584543,21952421.005587,16676441.950686,
2022-05-20,10944111141.19593,8829143941.82986,1872155719.792688,195265625.223241,9008050.782742,21861361.616713,16676441.950686,
2022-05-21,10946969432.558834,8833166207.155762,1870829464.048288,196255317.048066,7705284.275501,22271784.373682,16741375.657536,
2022-05-22,10949828506.53443,8375657574.520707,2332574875.5659385,194690582.473205,7704720.413998,22430236.710405,16770516.850176,
2022-05-23,10952688056.080112,8377988119.771573,2332877227.9882865,194765241.338854,7809543.124538,22392452.712455,16855471.144406,
2022-05-24,10955548253.52376,6409784245.483056,4303946934.232875,193665841.381176,8622915.653925,22398911.294239,17129405.478489,
2022-05-25,10958409980.496435,6415596554.528064,4291123197.856165,190126491.649655,9005936.912746,35349169.046032,17208630.478489,0.025286
2022-05-26,10961270709.790045,6314716346.216693,4411964086.094038,180091940.990836,8178247.574538,28915364.596324,17387080.846597,17643.471019
2022-05-27,10964134821.58097,6317176295.838309,4415866465.35614,179980963.609751,8448948.944127,25143202.194492,17495550.867061,23394.77109
